Timing is on.
=== V1-Q1: Customer-level attribution report for a specific campaign ===
    customer_name     |           contact_info           | booking_date | booking_id |     campaign_name      
----------------------+----------------------------------+--------------+------------+------------------------
 Christopher Cooley   | isaiahwarren@example.net         | 2025-09-11   |      57013 | Romantic Paris Getaway
 Danielle Cameron     | mgregory@example.org             | 2025-09-11   |     287660 | Romantic Paris Getaway
 Darryl Erickson      | stephenhudson@example.com        | 2025-09-11   |      97030 | Romantic Paris Getaway
 Debbie Morgan        | vberry@example.net               | 2025-09-11   |     280911 | Romantic Paris Getaway
 Hannah Ware          | dylanmarshall@example.org        | 2025-09-11   |     146501 | Romantic Paris Getaway
 Janet Wall           | catherine89@example.com          | 2025-09-11   |      12826 | Romantic Paris Getaway
 Jeffrey Nichols      | brockstephanie@example.org       | 2025-09-11   |     223268 | Romantic Paris Getaway
 Johnny Snyder        | williamgarcia@example.org        | 2025-09-11   |     169970 | Romantic Paris Getaway
 Melanie Cummings     | heidi38@example.com              | 2025-09-11   |     245796 | Romantic Paris Getaway
 Melissa Crawford     | laura38@example.net              | 2025-09-11   |     396947 | Romantic Paris Getaway
 Paul Nelson MD       | estafford@example.net            | 2025-09-11   |     111069 | Romantic Paris Getaway
 Thomas Middleton     | teresa66@example.net             | 2025-09-11   |      75503 | Romantic Paris Getaway
 Ana Allen            | masonchristine@example.net       | 2025-09-10   |     227613 | Romantic Paris Getaway
 Eric Morton          | davidholloway@example.org        | 2025-09-10   |     387068 | Romantic Paris Getaway
 John Chandler        | novakmartha@example.net          | 2025-09-10   |     239406 | Romantic Paris Getaway
 Julian Cox           | bradyjohn@example.net            | 2025-09-10   |     231749 | Romantic Paris Getaway
 Mary Landry          | turnermichael@example.org        | 2025-09-10   |     318856 | Romantic Paris Getaway
 Michael Thomas       | john37@example.org               | 2025-09-10   |      57887 | Romantic Paris Getaway
 Rachael Smith        | matthewprice@example.com         | 2025-09-10   |     138468 | Romantic Paris Getaway
 Allison Sparks       | cordovakayla@example.org         | 2025-09-09   |     138599 | Romantic Paris Getaway
 April Young          | adennis@example.org              | 2025-09-09   |     386253 | Romantic Paris Getaway
 Brady Buchanan       | dalegarrett@example.net          | 2025-09-09   |     326745 | Romantic Paris Getaway
 Diane Ortiz          | quinnsharon@example.org          | 2025-09-09   |      83356 | Romantic Paris Getaway
 Frank Simpson        | rileyvirginia@example.org        | 2025-09-09   |     349051 | Romantic Paris Getaway
 Jeffrey Ferguson     | jacob60@example.net              | 2025-09-09   |     282304 | Romantic Paris Getaway
 John Quinn           | nicholas45@example.net           | 2025-09-09   |     260461 | Romantic Paris Getaway
 Lorraine Roberts     | karen56@example.org              | 2025-09-09   |       9680 | Romantic Paris Getaway
 Paul Burns           | kkirk@example.com                | 2025-09-09   |     188112 | Romantic Paris Getaway
 Robert Wilson        | dylan85@example.org              | 2025-09-09   |      48491 | Romantic Paris Getaway
 Sarah Green          | brandy80@example.org             | 2025-09-09   |       4421 | Romantic Paris Getaway
 William Martinez     | martinbrett@example.org          | 2025-09-09   |      22459 | Romantic Paris Getaway
 Carrie Spencer       | cynthiasantiago@example.org      | 2025-09-08   |     367996 | Romantic Paris Getaway
 Catherine Wright     | rbaxter@example.net              | 2025-09-08   |     184584 | Romantic Paris Getaway
 Frank Hurley         | esmith@example.org               | 2025-09-08   |     272986 | Romantic Paris Getaway
 Jennifer Keller      | marshrobert@example.com          | 2025-09-08   |      32715 | Romantic Paris Getaway
 Kevin Dunn           | lucasjulia@example.com           | 2025-09-08   |     304286 | Romantic Paris Getaway
 Paul Thomas          | john36@example.com               | 2025-09-08   |     119711 | Romantic Paris Getaway
 Richard Wilson       | nicolehall@example.org           | 2025-09-08   |     102235 | Romantic Paris Getaway
 Vincent Chandler     | robertmartin@example.net         | 2025-09-08   |     359499 | Romantic Paris Getaway
 Virginia Elliott     | yarroyo@example.net              | 2025-09-08   |     169800 | Romantic Paris Getaway
 Brett Cooper         | bjohnson@example.com             | 2025-09-07   |     374714 | Romantic Paris Getaway
 Brittney Lozano      | drakegary@example.com            | 2025-09-07   |       1305 | Romantic Paris Getaway
 Carlos White         | wellskathleen@example.net        | 2025-09-07   |     318295 | Romantic Paris Getaway
 Laura Duncan         | victorjenkins@example.org        | 2025-09-07   |     291379 | Romantic Paris Getaway
 Mary Carrillo        | joseph84@example.com             | 2025-09-07   |     248186 | Romantic Paris Getaway
 Robert Miller        | tonyahiggins@example.org         | 2025-09-07   |     151948 | Romantic Paris Getaway
 Thomas Ashley        | fsanders@example.com             | 2025-09-07   |      55565 | Romantic Paris Getaway
 Tiffany Jones        | cynthiahowell@example.org        | 2025-09-07   |     358706 | Romantic Paris Getaway
 Benjamin Peterson    | portermark@example.org           | 2025-09-06   |      74420 | Romantic Paris Getaway
 Deborah Nicholson    | zlopez@example.com               | 2025-09-06   |     204019 | Romantic Paris Getaway
 Edward Ryan          | tiffanybowman@example.net        | 2025-09-06   |     288544 | Romantic Paris Getaway
 Jesse Graham         | brianjackson@example.net         | 2025-09-06   |     140774 | Romantic Paris Getaway
 Lisa Lewis           | paul54@example.net               | 2025-09-06   |     145840 | Romantic Paris Getaway
 Timothy Guerrero     | josephharrison@example.net       | 2025-09-06   |       6564 | Romantic Paris Getaway
 Catherine Medina     | joshuawilliams@example.com       | 2025-09-05   |     279684 | Romantic Paris Getaway
 Crystal Miranda      | murphyjane@example.net           | 2025-09-05   |      14678 | Romantic Paris Getaway
 James Peterson       | uburke@example.net               | 2025-09-05   |     111781 | Romantic Paris Getaway
 Jessica Peterson     | laura13@example.com              | 2025-09-05   |     348578 | Romantic Paris Getaway
 Jonathan White       | april39@example.net              | 2025-09-05   |     298624 | Romantic Paris Getaway
 Mr. Samuel Mora      | sgordon@example.com              | 2025-09-05   |     118419 | Romantic Paris Getaway
 Robert Keith         | brad99@example.org               | 2025-09-05   |      49588 | Romantic Paris Getaway
 Teresa Harris        | mckinneycaroline@example.com     | 2025-09-05   |      87814 | Romantic Paris Getaway
 Terri Wilkinson      | ronald24@example.com             | 2025-09-05   |     160017 | Romantic Paris Getaway
 Tracey Fernandez     | bakerrichard@example.net         | 2025-09-05   |     220081 | Romantic Paris Getaway
 Amy Chavez           | emcbride@example.net             | 2025-09-04   |      92970 | Romantic Paris Getaway
 Christine King       | ttaylor@example.org              | 2025-09-04   |     334746 | Romantic Paris Getaway
 Eric Stout           | tanya00@example.net              | 2025-09-04   |      71036 | Romantic Paris Getaway
 Jennifer Ortiz       | paynelori@example.net            | 2025-09-04   |     369384 | Romantic Paris Getaway
 Michael Cummings     | daniellewarren@example.org       | 2025-09-04   |     195206 | Romantic Paris Getaway
 Michael Greer        | maryberry@example.com            | 2025-09-04   |      34184 | Romantic Paris Getaway
 Robert Gordon        | dwolfe@example.com               | 2025-09-04   |       3168 | Romantic Paris Getaway
 Sarah Griffin        | parkerpeter@example.org          | 2025-09-04   |     354286 | Romantic Paris Getaway
 Shari Peters         | gbush@example.com                | 2025-09-04   |       7443 | Romantic Paris Getaway
 Traci Anderson       | carrie78@example.com             | 2025-09-04   |     219770 | Romantic Paris Getaway
 Travis Weiss         | hmartin@example.com              | 2025-09-04   |     331865 | Romantic Paris Getaway
 Tyler Faulkner       | qdavis@example.org               | 2025-09-04   |     366110 | Romantic Paris Getaway
 Valerie Perez        | amyvalenzuela@example.net        | 2025-09-04   |     162418 | Romantic Paris Getaway
 Amanda Scott         | hickskyle@example.com            | 2025-09-03   |     170809 | Romantic Paris Getaway
 Brian Bell           | deborah99@example.net            | 2025-09-03   |     283199 | Romantic Paris Getaway
 Christopher Fowler   | dillonamber@example.com          | 2025-09-03   |     196247 | Romantic Paris Getaway
 Denise Murray        | cbrown@example.com               | 2025-09-03   |     154451 | Romantic Paris Getaway
 John Smith           | phuang@example.com               | 2025-09-03   |     131297 | Romantic Paris Getaway
 Juan Rice            | stephenhowe@example.net          | 2025-09-03   |      10373 | Romantic Paris Getaway
 Julia Alvarez        | ohunter@example.com              | 2025-09-03   |     290058 | Romantic Paris Getaway
 Keith Sharp          | lnelson@example.com              | 2025-09-03   |     285815 | Romantic Paris Getaway
 Kimberly Brown       | karencraig@example.net           | 2025-09-03   |     295116 | Romantic Paris Getaway
 Kyle Hill            | parkerpatrick@example.net        | 2025-09-03   |     347384 | Romantic Paris Getaway
 Mr. Johnathan Reynol | knappkari@example.org            | 2025-09-03   |      50968 | Romantic Paris Getaway
 Paige Williams       | tanyacruz@example.com            | 2025-09-03   |     280891 | Romantic Paris Getaway
 Thomas Williams      | sharonnorris@example.com         | 2025-09-03   |     380843 | Romantic Paris Getaway
 Tina Fisher          | tguerrero@example.com            | 2025-09-03   |     145139 | Romantic Paris Getaway
 Alexander Moore      | davidbaker@example.net           | 2025-09-02   |      83825 | Romantic Paris Getaway
 Charles Willis       | lisa39@example.net               | 2025-09-02   |     166227 | Romantic Paris Getaway
 David Jones          | murrayvictor@example.net         | 2025-09-02   |      29185 | Romantic Paris Getaway
 Donald Lyons         | carolynhuynh@example.net         | 2025-09-02   |      71750 | Romantic Paris Getaway
 James Blair          | melissa50@example.com            | 2025-09-02   |     234328 | Romantic Paris Getaway
 Jerry Golden         | adean@example.com                | 2025-09-02   |      96529 | Romantic Paris Getaway
 Joshua Holmes        | olsenjason@example.net           | 2025-09-02   |     199701 | Romantic Paris Getaway
 Kirk Clark DDS       | joseph21@example.net             | 2025-09-02   |      46758 | Romantic Paris Getaway
 Linda Jenkins        | micheleholloway@example.com      | 2025-09-02   |     233483 | Romantic Paris Getaway
 Samantha Trujillo MD | haroldanderson@example.net       | 2025-09-02   |     338465 | Romantic Paris Getaway
 Sarah Ali            | gabrielletorres@example.com      | 2025-09-02   |     193858 | Romantic Paris Getaway
 Anthony Little       | andrew36@example.org             | 2025-09-01   |     101016 | Romantic Paris Getaway
 Brian Andrews        | jose69@example.org               | 2025-09-01   |     345824 | Romantic Paris Getaway
 Cheyenne Christensen | barbara28@example.com            | 2025-09-01   |     223977 | Romantic Paris Getaway
 Christina Burke      | ywebb@example.com                | 2025-09-01   |     158972 | Romantic Paris Getaway
 Corey Mathis         | raymondgutierrez@example.net     | 2025-09-01   |     179845 | Romantic Paris Getaway
 David Thompson       | alecdonovan@example.net          | 2025-09-01   |     289927 | Romantic Paris Getaway
 Jim Armstrong        | uraymond@example.net             | 2025-09-01   |     216504 | Romantic Paris Getaway
 Nicholas Hill        | ggomez@example.org               | 2025-09-01   |     245599 | Romantic Paris Getaway
 Robert Johnson       | fernandezjames@example.com       | 2025-09-01   |     357421 | Romantic Paris Getaway
 Ronald Pitts         | xwatson@example.com              | 2025-09-01   |     188778 | Romantic Paris Getaway
 Sierra Velasquez     | rlyons@example.org               | 2025-09-01   |     335423 | Romantic Paris Getaway
 Alan Salazar         | lisa82@example.com               | 2025-08-31   |     147337 | Romantic Paris Getaway
 Bradley Knox         | xdavis@example.org               | 2025-08-31   |     253636 | Romantic Paris Getaway
 Elaine Bailey        | stacymartinez@example.org        | 2025-08-31   |      43609 | Romantic Paris Getaway
 Eric Thomas          | plambert@example.com             | 2025-08-31   |     323756 | Romantic Paris Getaway
 Jason Schneider      | brandon27@example.org            | 2025-08-31   |     103139 | Romantic Paris Getaway
 Joseph Salas         | delgadoheather@example.org       | 2025-08-31   |     143855 | Romantic Paris Getaway
 Kristen Woodard      | egallagher@example.org           | 2025-08-31   |     330458 | Romantic Paris Getaway
 Patrick Ramirez      | tmendoza@example.org             | 2025-08-31   |      12755 | Romantic Paris Getaway
 Timothy Curry        | neilhughes@example.net           | 2025-08-31   |     285232 | Romantic Paris Getaway
 Andrew King          | latashaporter@example.com        | 2025-08-30   |     395304 | Romantic Paris Getaway
 Christina Cortez     | marcus78@example.com             | 2025-08-30   |     197203 | Romantic Paris Getaway
 Cindy Burgess        | james75@example.com              | 2025-08-30   |     226808 | Romantic Paris Getaway
 David Thomas         | andersonjackson@example.net      | 2025-08-30   |     192096 | Romantic Paris Getaway
 Donna Allen          | emacdonald@example.com           | 2025-08-30   |     211660 | Romantic Paris Getaway
 Henry Jackson        | trevor19@example.org             | 2025-08-30   |     173342 | Romantic Paris Getaway
 Jessica Lamb         | melissacrosby@example.com        | 2025-08-30   |     105973 | Romantic Paris Getaway
 Kathleen Willis      | andrewsmary@example.net          | 2025-08-30   |     315772 | Romantic Paris Getaway
 Lauren Torres        | boonekelly@example.net           | 2025-08-30   |     198685 | Romantic Paris Getaway
 Logan Hoffman        | xwalker@example.net              | 2025-08-30   |     101513 | Romantic Paris Getaway
 Sandra Brown         | qanderson@example.net            | 2025-08-30   |     121868 | Romantic Paris Getaway
 Bryan Thomas         | molly86@example.com              | 2025-08-29   |     227002 | Romantic Paris Getaway
 David Hernandez      | bellrobert@example.com           | 2025-08-29   |     305887 | Romantic Paris Getaway
 Elizabeth Allen      | tthompson@example.com            | 2025-08-29   |     263355 | Romantic Paris Getaway
 Ian Ramsey           | susanschmitt@example.org         | 2025-08-29   |     187501 | Romantic Paris Getaway
 John Silva           | maryholland@example.com          | 2025-08-29   |     398799 | Romantic Paris Getaway
 Justin Marquez       | monica72@example.org             | 2025-08-29   |      60293 | Romantic Paris Getaway
 Leslie Salinas PhD   | schroederann@example.org         | 2025-08-29   |     379144 | Romantic Paris Getaway
 Matthew Garcia       | tammystone@example.com           | 2025-08-29   |     366924 | Romantic Paris Getaway
 Matthew Young        | nmartin@example.org              | 2025-08-29   |     388671 | Romantic Paris Getaway
 Nicholas Lawson      | gonzalezwayne@example.com        | 2025-08-29   |     173743 | Romantic Paris Getaway
 Roy Bell             | janderson@example.com            | 2025-08-29   |     284446 | Romantic Paris Getaway
 Sara Bryant          | hmartin@example.net              | 2025-08-29   |     388761 | Romantic Paris Getaway
 Timothy Nelson       | jeremiahmartinez@example.org     | 2025-08-29   |       9031 | Romantic Paris Getaway
 Ashley Hendrix       | deanna60@example.org             | 2025-08-28   |     204651 | Romantic Paris Getaway
 Ashley Robles        | jonespenny@example.com           | 2025-08-28   |     126017 | Romantic Paris Getaway
 Elizabeth David      | keith50@example.org              | 2025-08-28   |     180324 | Romantic Paris Getaway
 Elizabeth Dixon      | richard22@example.org            | 2025-08-28   |     385224 | Romantic Paris Getaway
 Emily Lopez          | mwashington@example.net          | 2025-08-28   |     136328 | Romantic Paris Getaway
 Erika Wade           | brockaaron@example.org           | 2025-08-28   |     145334 | Romantic Paris Getaway
 Jacob Giles          | deleonsteven@example.com         | 2025-08-28   |     281087 | Romantic Paris Getaway
 Jessica Clark        | maria10@example.com              | 2025-08-28   |     180567 | Romantic Paris Getaway
 Joy Harris           | jhayden@example.org              | 2025-08-28   |     262117 | Romantic Paris Getaway
 Justin Roberts       | tholmes@example.net              | 2025-08-28   |     399407 | Romantic Paris Getaway
 Nathan Miller        | carrollcatherine@example.com     | 2025-08-28   |     197288 | Romantic Paris Getaway
 Nicole Martinez      | claudiagolden@example.com        | 2025-08-28   |     387332 | Romantic Paris Getaway
 Theresa Johnson      | teresabrown@example.com          | 2025-08-28   |     194719 | Romantic Paris Getaway
 Timothy Freeman      | lawrencemichael@example.com      | 2025-08-28   |     313509 | Romantic Paris Getaway
 Tristan Holloway     | allisonjeremiah@example.net      | 2025-08-28   |     198964 | Romantic Paris Getaway
 Autumn Mckee         | lshaffer@example.org             | 2025-08-27   |     279578 | Romantic Paris Getaway
 Brandi Harper        | lindamoody@example.com           | 2025-08-27   |      51074 | Romantic Paris Getaway
 Briana Suarez        | beth69@example.net               | 2025-08-27   |     383554 | Romantic Paris Getaway
 Cody Long            | vsilva@example.net               | 2025-08-27   |      31940 | Romantic Paris Getaway
 Cory Lewis           | nguyenamy@example.com            | 2025-08-27   |     354125 | Romantic Paris Getaway
 Jennifer Thomas      | danieldaniel@example.com         | 2025-08-27   |     396544 | Romantic Paris Getaway
 John Brown           | mcurtis@example.com              | 2025-08-27   |      76272 | Romantic Paris Getaway
 Jordan Griffith      | kylegreen@example.com            | 2025-08-27   |     369888 | Romantic Paris Getaway
 Julian King          | chaneyroy@example.com            | 2025-08-27   |     147260 | Romantic Paris Getaway
 Kelly Simpson        | hestrada@example.org             | 2025-08-27   |      18774 | Romantic Paris Getaway
 Michael Fernandez    | ogarner@example.org              | 2025-08-27   |      25361 | Romantic Paris Getaway
 Timothy Cortez       | joshua15@example.org             | 2025-08-27   |      26646 | Romantic Paris Getaway
 Todd Noble           | burtonkatherine@example.org      | 2025-08-27   |     304006 | Romantic Paris Getaway
 Victor Jenkins       | rita94@example.com               | 2025-08-27   |      88605 | Romantic Paris Getaway
 Allison Burke        | swashington@example.org          | 2025-08-26   |     314206 | Romantic Paris Getaway
 Angela Thompson      | jillian85@example.org            | 2025-08-26   |     335406 | Romantic Paris Getaway
 Antonio Shaffer      | joseguzman@example.org           | 2025-08-26   |     258288 | Romantic Paris Getaway
 Ashley Kline         | washingtonkelly@example.com      | 2025-08-26   |     188416 | Romantic Paris Getaway
 Christian Young      | james19@example.net              | 2025-08-26   |      20560 | Romantic Paris Getaway
 Ebony Adkins         | pottercory@example.com           | 2025-08-26   |      55943 | Romantic Paris Getaway
 Erin Velasquez       | danielharris@example.net         | 2025-08-26   |     243542 | Romantic Paris Getaway
 Jordan Keith         | april85@example.net              | 2025-08-26   |     359600 | Romantic Paris Getaway
 Mr. Christopher Jord | joanna63@example.com             | 2025-08-26   |     204208 | Romantic Paris Getaway
 Peggy Sims           | juan90@example.net               | 2025-08-26   |      35329 | Romantic Paris Getaway
 Richard Brown        | cprince@example.org              | 2025-08-26   |     336195 | Romantic Paris Getaway
 Sarah Macdonald      | tsmith@example.com               | 2025-08-26   |     277081 | Romantic Paris Getaway
 Theresa Watkins DDS  | hernandezthomas@example.net      | 2025-08-26   |     315596 | Romantic Paris Getaway
 William Jones        | pattersonamber@example.com       | 2025-08-26   |     177774 | Romantic Paris Getaway
 Alicia Thomas        | jason67@example.org              | 2025-08-25   |     301514 | Romantic Paris Getaway
 Caitlin Mason        | evelyn13@example.org             | 2025-08-25   |     351656 | Romantic Paris Getaway
 Joseph Patterson     | stanleyhaley@example.net         | 2025-08-25   |      78603 | Romantic Paris Getaway
 Rick Nunez           | warrensabrina@example.net        | 2025-08-25   |      90774 | Romantic Paris Getaway
 Ricky Black          | jasmine50@example.net            | 2025-08-25   |     255501 | Romantic Paris Getaway
 Scott Gay            | nathan53@example.net             | 2025-08-25   |      98834 | Romantic Paris Getaway
 Sean Jones           | georgeharris@example.org         | 2025-08-25   |     102757 | Romantic Paris Getaway
 Thomas Rice          | haleronald@example.org           | 2025-08-25   |     281132 | Romantic Paris Getaway
 Amber Estrada        | fsantos@example.org              | 2025-08-24   |     231224 | Romantic Paris Getaway
 Brandon Carter       | davidsonthomas@example.org       | 2025-08-24   |     174075 | Romantic Paris Getaway
 Brandon Morris       | nmoreno@example.com              | 2025-08-24   |     174027 | Romantic Paris Getaway
 Calvin Ross          | kmorgan@example.org              | 2025-08-24   |     207422 | Romantic Paris Getaway
 Elizabeth Williams   | tabithasmith@example.org         | 2025-08-24   |     176935 | Romantic Paris Getaway
 Heather Cruz         | rjordan@example.net              | 2025-08-24   |     383001 | Romantic Paris Getaway
 Julie Burton         | kimberly75@example.net           | 2025-08-24   |      89216 | Romantic Paris Getaway
 Kristen Smith        | kimberlystafford@example.com     | 2025-08-24   |      33911 | Romantic Paris Getaway
 Matthew Fields       | jacquelinewallace@example.net    | 2025-08-24   |      87794 | Romantic Paris Getaway
 Phyllis Edwards      | patrick52@example.net            | 2025-08-24   |     124451 | Romantic Paris Getaway
 Ronnie Lin           | joshuawhite@example.com          | 2025-08-24   |       1356 | Romantic Paris Getaway
 Shannon Diaz         | hansonjacob@example.org          | 2025-08-24   |     228225 | Romantic Paris Getaway
 Teresa Silva         | carneyashley@example.net         | 2025-08-24   |      41578 | Romantic Paris Getaway
 Anthony Ross         | joshua00@example.org             | 2025-08-23   |     196115 | Romantic Paris Getaway
 Carrie Bryant        | taylorkatherine@example.com      | 2025-08-23   |     176689 | Romantic Paris Getaway
 Dawn Washington      | qwilliams@example.org            | 2025-08-23   |      79799 | Romantic Paris Getaway
 Jason Riddle         | fmiddleton@example.org           | 2025-08-23   |     256369 | Romantic Paris Getaway
 Jeffrey Brown        | lozanojason@example.com          | 2025-08-23   |     155611 | Romantic Paris Getaway
 Jose Burgess         | zcollins@example.org             | 2025-08-23   |     310090 | Romantic Paris Getaway
 Mrs. Rachel Hall DVM | jeremylewis@example.net          | 2025-08-23   |     111792 | Romantic Paris Getaway
 Pamela Richard       | rogersjoseph@example.org         | 2025-08-23   |     143932 | Romantic Paris Getaway
 Tiffany Petty        | joel92@example.com               | 2025-08-23   |     386796 | Romantic Paris Getaway
 Whitney Nichols      | thomasamy@example.com            | 2025-08-23   |      48480 | Romantic Paris Getaway
 Allison Taylor       | lorimartinez@example.com         | 2025-08-22   |     321229 | Romantic Paris Getaway
 Amy Benton           | wpatterson@example.com           | 2025-08-22   |     309001 | Romantic Paris Getaway
 Ashley George        | awallace@example.org             | 2025-08-22   |     154544 | Romantic Paris Getaway
 Charles Clark        | matthewporter@example.net        | 2025-08-22   |     312420 | Romantic Paris Getaway
 Christopher Esparza  | zacharyjohnson@example.com       | 2025-08-22   |      63638 | Romantic Paris Getaway
 Greg Vaughan         | bateskevin@example.net           | 2025-08-22   |      65172 | Romantic Paris Getaway
 Holly Hernandez      | alexandrareyes@example.org       | 2025-08-22   |     308028 | Romantic Paris Getaway
 James Lewis          | yolandasmith@example.com         | 2025-08-22   |     140305 | Romantic Paris Getaway
 Jonathon Nash        | stacy27@example.org              | 2025-08-22   |      17629 | Romantic Paris Getaway
 Mr. Manuel Ward      | tinamartin@example.com           | 2025-08-22   |      29078 | Romantic Paris Getaway
 Ricardo Miller       | april79@example.net              | 2025-08-22   |     246442 | Romantic Paris Getaway
 Sarah Wells          | ramirezchristopher@example.com   | 2025-08-22   |     270460 | Romantic Paris Getaway
 Victoria Wagner      | martinezjustin@example.net       | 2025-08-22   |     183549 | Romantic Paris Getaway
 Andrea Taylor        | vegabrandon@example.net          | 2025-08-21   |     159152 | Romantic Paris Getaway
 Brooke Bruce         | gcampbell@example.org            | 2025-08-21   |     301131 | Romantic Paris Getaway
 Caitlin Ford MD      | wudebra@example.net              | 2025-08-21   |     278039 | Romantic Paris Getaway
 Catherine Warner     | brussell@example.com             | 2025-08-21   |     236441 | Romantic Paris Getaway
 Erica Miller         | owenkaitlin@example.com          | 2025-08-21   |     342896 | Romantic Paris Getaway
 Heather Davenport    | lisawilliams@example.com         | 2025-08-21   |     210430 | Romantic Paris Getaway
 Jeffery Jones        | melissafreeman@example.net       | 2025-08-21   |      39867 | Romantic Paris Getaway
 Michelle Williams    | sandra21@example.org             | 2025-08-21   |      83967 | Romantic Paris Getaway
 Rhonda Payne         | sabrina75@example.com            | 2025-08-21   |     298774 | Romantic Paris Getaway
 Brenda Morgan        | xcooke@example.org               | 2025-08-20   |     257850 | Romantic Paris Getaway
 George Weiss         | barbara82@example.com            | 2025-08-20   |     258769 | Romantic Paris Getaway
 James Lopez          | jessicacoleman@example.org       | 2025-08-20   |      94100 | Romantic Paris Getaway
 Jodi Calderon        | smithdouglas@example.net         | 2025-08-20   |     282056 | Romantic Paris Getaway
 Judy Griffin         | ayersterri@example.net           | 2025-08-20   |       2936 | Romantic Paris Getaway
 Kevin Nunez          | jharper@example.org              | 2025-08-20   |      74784 | Romantic Paris Getaway
 Michelle Boone       | andrealong@example.com           | 2025-08-20   |      16738 | Romantic Paris Getaway
 Veronica Chang       | ykelly@example.org               | 2025-08-20   |     123355 | Romantic Paris Getaway
 Daniel Morgan        | ryan23@example.org               | 2025-08-19   |     371131 | Romantic Paris Getaway
 Donna Parker         | molinajared@example.net          | 2025-08-19   |     239017 | Romantic Paris Getaway
 Jamie Kline          | amcdowell@example.org            | 2025-08-19   |     158398 | Romantic Paris Getaway
 Jason Villanueva     | lcooper@example.com              | 2025-08-19   |      11652 | Romantic Paris Getaway
 Johnny Rasmussen     | stephen75@example.org            | 2025-08-19   |     358963 | Romantic Paris Getaway
 Linda Mason          | timothy66@example.net            | 2025-08-19   |      96292 | Romantic Paris Getaway
 Lisa Wise            | ocarey@example.org               | 2025-08-19   |     395929 | Romantic Paris Getaway
 Marie Hunter         | nwilkinson@example.com           | 2025-08-19   |      66094 | Romantic Paris Getaway
 Mark Fischer         | patrickrivera@example.net        | 2025-08-19   |     165581 | Romantic Paris Getaway
 Marvin Nelson        | tracygross@example.com           | 2025-08-19   |     107753 | Romantic Paris Getaway
 Pamela Gordon        | gerald46@example.net             | 2025-08-19   |     291958 | Romantic Paris Getaway
 Philip Hardy         | edwardvaldez@example.com         | 2025-08-19   |     341705 | Romantic Paris Getaway
 Sarah Wright         | angelasantiago@example.org       | 2025-08-19   |     326680 | Romantic Paris Getaway
 Thomas Brown         | smithdavid@example.net           | 2025-08-19   |      78920 | Romantic Paris Getaway
 Abigail Rodriguez    | kenneth44@example.org            | 2025-08-18   |     223682 | Romantic Paris Getaway
 Cassandra Lee        | blawrence@example.com            | 2025-08-18   |     237636 | Romantic Paris Getaway
 Christina Ray        | taylorscott@example.net          | 2025-08-18   |     117633 | Romantic Paris Getaway
 Donald Payne         | acollins@example.org             | 2025-08-18   |     177091 | Romantic Paris Getaway
 Donald Price         | sarah27@example.org              | 2025-08-18   |     358920 | Romantic Paris Getaway
 John Gross MD        | ashleyrodriguez@example.org      | 2025-08-18   |     133828 | Romantic Paris Getaway
 Judith Hall          | juliadavenport@example.com       | 2025-08-18   |     194231 | Romantic Paris Getaway
 Wesley Garcia        | cprice@example.com               | 2025-08-18   |     203872 | Romantic Paris Getaway
 Brian Lawson         | cynthia50@example.org            | 2025-08-17   |     291538 | Romantic Paris Getaway
 Carl Mills           | sanderseric@example.com          | 2025-08-17   |     396849 | Romantic Paris Getaway
 David Vazquez        | martinezjennifer@example.com     | 2025-08-17   |     296848 | Romantic Paris Getaway
 Gina Crawford        | curryfrederick@example.net       | 2025-08-17   |     192937 | Romantic Paris Getaway
 John Mason           | catherine28@example.net          | 2025-08-17   |     116654 | Romantic Paris Getaway
 Joshua Melton        | robinsonkelly@example.net        | 2025-08-17   |     377237 | Romantic Paris Getaway
 Madison Johnston     | agibbs@example.net               | 2025-08-17   |     201064 | Romantic Paris Getaway
 Mark Perry           | jessica84@example.com            | 2025-08-17   |     102899 | Romantic Paris Getaway
 Thomas Thomas        | julie62@example.com              | 2025-08-17   |     247987 | Romantic Paris Getaway
 Alexander Nicholson  | huntervanessa@example.com        | 2025-08-16   |     366676 | Romantic Paris Getaway
 Elizabeth Taylor     | adrienne16@example.net           | 2025-08-16   |     361609 | Romantic Paris Getaway
 Ian James            | nicolehood@example.org           | 2025-08-16   |     366330 | Romantic Paris Getaway
 James Powers         | ewillis@example.org              | 2025-08-16   |      35451 | Romantic Paris Getaway
 Jason Hall           | selena31@example.com             | 2025-08-16   |     236281 | Romantic Paris Getaway
 John Hurst           | desiree52@example.net            | 2025-08-16   |     295778 | Romantic Paris Getaway
 John Watson          | anthony99@example.org            | 2025-08-16   |     185497 | Romantic Paris Getaway
 Kimberly Sandoval    | davidsongary@example.net         | 2025-08-16   |     102944 | Romantic Paris Getaway
 Kimberly Turner      | fhudson@example.com              | 2025-08-16   |     264306 | Romantic Paris Getaway
 Lauren Mendez        | melissa61@example.com            | 2025-08-16   |     153688 | Romantic Paris Getaway
 Monica Jackson       | christopher93@example.com        | 2025-08-16   |     155515 | Romantic Paris Getaway
 Nicole Tate          | tallison@example.org             | 2025-08-16   |     375599 | Romantic Paris Getaway
 Suzanne Mullins      | shane27@example.com              | 2025-08-16   |     221816 | Romantic Paris Getaway
 Theresa Valencia     | jimmy83@example.com              | 2025-08-16   |      30837 | Romantic Paris Getaway
 Todd Ferguson        | barnessamantha@example.net       | 2025-08-16   |     181497 | Romantic Paris Getaway
 Toni Rodriguez       | erinjones@example.org            | 2025-08-16   |     289063 | Romantic Paris Getaway
 Daniel Washington    | bhodges@example.org              | 2025-08-15   |      72744 | Romantic Paris Getaway
 Kelsey Castillo      | markgonzalez@example.org         | 2025-08-15   |     188871 | Romantic Paris Getaway
 Kirsten Snyder       | trandalton@example.com           | 2025-08-15   |     112956 | Romantic Paris Getaway
 Lori Walker          | brian70@example.net              | 2025-08-15   |       2183 | Romantic Paris Getaway
 Megan Hendrix        | douglas27@example.org            | 2025-08-15   |      57502 | Romantic Paris Getaway
 Michael Mendez       | qlewis@example.com               | 2025-08-15   |     158826 | Romantic Paris Getaway
 Michelle Frazier     | huynhmargaret@example.org        | 2025-08-15   |     159309 | Romantic Paris Getaway
 Ralph Morales        | robertsmith@example.net          | 2025-08-15   |     191335 | Romantic Paris Getaway
 Robert Henry         | janicewalker@example.com         | 2025-08-15   |     255395 | Romantic Paris Getaway
 Shane Coleman        | molly79@example.org              | 2025-08-15   |     210236 | Romantic Paris Getaway
 Stephen Diaz         | melody97@example.org             | 2025-08-15   |     232483 | Romantic Paris Getaway
 Taylor Thomas        | catherine10@example.org          | 2025-08-15   |     359188 | Romantic Paris Getaway
 Anthony Rivers       | jacobnelson@example.com          | 2025-08-14   |      31576 | Romantic Paris Getaway
 Arthur Meyer         | silvajoseph@example.net          | 2025-08-14   |     170392 | Romantic Paris Getaway
 Betty Cole           | hawkinslori@example.net          | 2025-08-14   |      33599 | Romantic Paris Getaway
 Erica Cooper         | lorigriffin@example.com          | 2025-08-14   |     146506 | Romantic Paris Getaway
 Jeanne James         | elizabeth52@example.org          | 2025-08-14   |      61734 | Romantic Paris Getaway
 Jeffrey Zamora       | jeremy48@example.org             | 2025-08-14   |      97602 | Romantic Paris Getaway
 Mia Smith            | ywebster@example.net             | 2025-08-14   |     316498 | Romantic Paris Getaway
 Michael Hayes        | joshua41@example.com             | 2025-08-14   |      15833 | Romantic Paris Getaway
 Sarah Avila          | wrightkathleen@example.org       | 2025-08-14   |     130897 | Romantic Paris Getaway
 Amy Davis            | brett06@example.net              | 2025-08-13   |     152591 | Romantic Paris Getaway
 Anita French         | lperez@example.com               | 2025-08-13   |     284579 | Romantic Paris Getaway
 Brittany Waller      | traneric@example.com             | 2025-08-13   |     327319 | Romantic Paris Getaway
 Christopher Beasley  | keith24@example.com              | 2025-08-13   |     356458 | Romantic Paris Getaway
 Cody Ross            | susan31@example.net              | 2025-08-13   |     275200 | Romantic Paris Getaway
 Daniel Clark         | qallison@example.net             | 2025-08-13   |       1642 | Romantic Paris Getaway
 Elizabeth Dougherty  | bonnie59@example.net             | 2025-08-13   |      78235 | Romantic Paris Getaway
 Kimberly Costa       | luis62@example.net               | 2025-08-13   |     227875 | Romantic Paris Getaway
 Michelle Michael     | nathan43@example.net             | 2025-08-13   |     281517 | Romantic Paris Getaway
 Molly Perez          | travis19@example.com             | 2025-08-13   |     359064 | Romantic Paris Getaway
 Morgan Ramirez       | znixon@example.net               | 2025-08-13   |     159052 | Romantic Paris Getaway
 Samuel Cooper        | danielle33@example.com           | 2025-08-13   |      45295 | Romantic Paris Getaway
 Tonya Rangel         | kevinclements@example.com        | 2025-08-13   |     338649 | Romantic Paris Getaway
 Adrian Hoffman       | sarahanthony@example.org         | 2025-08-12   |     263178 | Romantic Paris Getaway
 Amy Parker           | jennifer56@example.com           | 2025-08-12   |      79374 | Romantic Paris Getaway
 Angela Jackson       | lingram@example.com              | 2025-08-12   |     320306 | Romantic Paris Getaway
 Cole Edwards         | zachary73@example.com            | 2025-08-12   |     260863 | Romantic Paris Getaway
 David Schneider      | brandi05@example.org             | 2025-08-12   |     170055 | Romantic Paris Getaway
 Jeremy Wilson        | williamclark@example.com         | 2025-08-12   |     114878 | Romantic Paris Getaway
 Michael Brown        | andrew09@example.net             | 2025-08-12   |     154836 | Romantic Paris Getaway
 Steve Roberts        | joseph29@example.org             | 2025-08-12   |     116414 | Romantic Paris Getaway
 Steven Davis         | kgarrett@example.net             | 2025-08-12   |      96329 | Romantic Paris Getaway
 Teresa Mueller       | evandominguez@example.net        | 2025-08-12   |     100690 | Romantic Paris Getaway
 Theresa Jimenez      | craigmartinez@example.com        | 2025-08-12   |      45337 | Romantic Paris Getaway
 Zachary Walker       | cbrown@example.org               | 2025-08-12   |     183873 | Romantic Paris Getaway
 Alicia Harper        | rdiaz@example.net                | 2025-08-11   |      46032 | Romantic Paris Getaway
 Anthony Scott        | ruth65@example.com               | 2025-08-11   |      51344 | Romantic Paris Getaway
 Cynthia Mullins      | michaelmalone@example.net        | 2025-08-11   |       3292 | Romantic Paris Getaway
 Emily Fields         | kennedyderek@example.net         | 2025-08-11   |     298789 | Romantic Paris Getaway
 Francisco Williams   | nicholaswalton@example.net       | 2025-08-11   |     395388 | Romantic Paris Getaway
 Joseph Hendrix       | andersonlaura@example.com        | 2025-08-11   |     107817 | Romantic Paris Getaway
 Kathy Harrison       | stephaniejohnson@example.com     | 2025-08-11   |      65409 | Romantic Paris Getaway
 Monica Garcia        | tconrad@example.org              | 2025-08-11   |      38133 | Romantic Paris Getaway
 Susan Mccarthy       | audrey37@example.org             | 2025-08-11   |      24395 | Romantic Paris Getaway
 Timothy Jackson      | wnelson@example.com              | 2025-08-11   |     344814 | Romantic Paris Getaway
 Allison Knight       | ismith@example.com               | 2025-08-10   |     273229 | Romantic Paris Getaway
 Amanda Glenn         | markscharles@example.org         | 2025-08-10   |     229827 | Romantic Paris Getaway
 Briana White         | kpowers@example.com              | 2025-08-10   |     124914 | Romantic Paris Getaway
 Carolyn Fox          | rachel01@example.com             | 2025-08-10   |     252618 | Romantic Paris Getaway
 Chris Bryant         | owenslarry@example.com           | 2025-08-10   |     285001 | Romantic Paris Getaway
 Daniel Garcia        | zmays@example.net                | 2025-08-10   |     293014 | Romantic Paris Getaway
 Danielle Carter      | cynthia50@example.com            | 2025-08-10   |     280590 | Romantic Paris Getaway
 Destiny Bolton       | garciawilliam@example.org        | 2025-08-10   |     227034 | Romantic Paris Getaway
 Helen Hardy          | richard13@example.net            | 2025-08-10   |     374943 | Romantic Paris Getaway
 Jeffrey Banks        | warrenwesley@example.com         | 2025-08-10   |     338620 | Romantic Paris Getaway
 Jennifer Branch      | hfowler@example.org              | 2025-08-10   |      33982 | Romantic Paris Getaway
 Jennifer Jones       | raymond73@example.org            | 2025-08-10   |     174848 | Romantic Paris Getaway
 Kristina Freeman     | athornton@example.com            | 2025-08-10   |      16000 | Romantic Paris Getaway
 Michael Hester       | wellsholly@example.com           | 2025-08-10   |     347044 | Romantic Paris Getaway
 Michael Yates        | darrencarlson@example.com        | 2025-08-10   |     247011 | Romantic Paris Getaway
 Mr. Joel Vaughn      | martinjohnson@example.com        | 2025-08-10   |      63042 | Romantic Paris Getaway
 Timothy Crane        | tranmelanie@example.org          | 2025-08-10   |     181961 | Romantic Paris Getaway
 Alec Dixon           | zjones@example.org               | 2025-08-09   |     266708 | Romantic Paris Getaway
 Billy Owen           | allison20@example.com            | 2025-08-09   |      57493 | Romantic Paris Getaway
 Carla Delgado        | derrick25@example.com            | 2025-08-09   |     220643 | Romantic Paris Getaway
 Cindy Smith          | youngmonica@example.org          | 2025-08-09   |     389978 | Romantic Paris Getaway
 David Martin         | brian48@example.com              | 2025-08-09   |     297086 | Romantic Paris Getaway
 David Nguyen         | amyscott@example.org             | 2025-08-09   |     150127 | Romantic Paris Getaway
 Jason Lutz           | ryan48@example.org               | 2025-08-09   |     242534 | Romantic Paris Getaway
 Jon Miller           | jenniferlambert@example.net      | 2025-08-09   |     199885 | Romantic Paris Getaway
 Michael Hutchinson   | ramirezjason@example.net         | 2025-08-09   |      33374 | Romantic Paris Getaway
 Robert Fields        | kenneth69@example.net            | 2025-08-09   |     350178 | Romantic Paris Getaway
 Teresa Gregory       | wscott@example.net               | 2025-08-09   |     377327 | Romantic Paris Getaway
 Tyler Pena           | michael82@example.com            | 2025-08-09   |     351909 | Romantic Paris Getaway
 Alisha Bradford      | dianekane@example.com            | 2025-08-08   |     382151 | Romantic Paris Getaway
 Alison Robertson     | toddnelson@example.org           | 2025-08-08   |     376427 | Romantic Paris Getaway
 Alyssa Hernandez     | gwillis@example.org              | 2025-08-08   |     345170 | Romantic Paris Getaway
 Amanda Edwards       | millermichelle@example.com       | 2025-08-08   |       8619 | Romantic Paris Getaway
 Benjamin Murillo     | matthewshields@example.com       | 2025-08-08   |     298363 | Romantic Paris Getaway
 Charles Ortega       | johnmorgan@example.org           | 2025-08-08   |      30254 | Romantic Paris Getaway
 Holly Padilla        | ruizjay@example.org              | 2025-08-08   |      49542 | Romantic Paris Getaway
 Jason Diaz           | arnoldkimberly@example.com       | 2025-08-08   |     176785 | Romantic Paris Getaway
 Jodi Lowe            | jessicadawson@example.com        | 2025-08-08   |      77899 | Romantic Paris Getaway
 Kristina Lee         | browndavid@example.net           | 2025-08-08   |     162869 | Romantic Paris Getaway
 Maria King           | vfernandez@example.org           | 2025-08-08   |      61194 | Romantic Paris Getaway
 Melinda Roberson     | oreynolds@example.org            | 2025-08-08   |     270384 | Romantic Paris Getaway
 Mr. Timothy White    | megan20@example.net              | 2025-08-08   |     229149 | Romantic Paris Getaway
 Robert Perez         | clarkbrian@example.com           | 2025-08-08   |      68747 | Romantic Paris Getaway
 Amy Mckinney         | lindsaystrong@example.net        | 2025-08-07   |     245028 | Romantic Paris Getaway
 Carmen Contreras     | jerome54@example.net             | 2025-08-07   |     269836 | Romantic Paris Getaway
 Chad Krause          | marshalltyler@example.com        | 2025-08-07   |      53836 | Romantic Paris Getaway
 Christina Bartlett   | shall@example.com                | 2025-08-07   |     272136 | Romantic Paris Getaway
 Christina Frye       | muellerchristina@example.com     | 2025-08-07   |     387115 | Romantic Paris Getaway
 Cole Moss            | joshua30@example.net             | 2025-08-07   |      85719 | Romantic Paris Getaway
 Jennifer Mckinney    | brian31@example.net              | 2025-08-07   |     180363 | Romantic Paris Getaway
 Katie Cook           | rellis@example.org               | 2025-08-07   |     188576 | Romantic Paris Getaway
 Katrina Adams        | wellskent@example.com            | 2025-08-07   |     136357 | Romantic Paris Getaway
 Michael Baker        | swaters@example.net              | 2025-08-07   |     362925 | Romantic Paris Getaway
 Miss Janet Webb      | wolfejoshua@example.com          | 2025-08-07   |     138522 | Romantic Paris Getaway
 Alan Ward            | katherine02@example.com          | 2025-08-06   |     318068 | Romantic Paris Getaway
 Brandi Reilly        | kimberly92@example.com           | 2025-08-06   |      27051 | Romantic Paris Getaway
 Elizabeth Sutton     | marymorrison@example.org         | 2025-08-06   |     261294 | Romantic Paris Getaway
 Jacob Jackson        | larry91@example.com              | 2025-08-06   |     112721 | Romantic Paris Getaway
 Karen Johnston       | hmiles@example.com               | 2025-08-06   |     232988 | Romantic Paris Getaway
 Katherine Evans      | marcabbott@example.org           | 2025-08-06   |     189915 | Romantic Paris Getaway
 Lisa Green           | neaton@example.net               | 2025-08-06   |     380776 | Romantic Paris Getaway
 Mark Johnson         | anichols@example.net             | 2025-08-06   |     256164 | Romantic Paris Getaway
 Stephen Jefferson    | pvelasquez@example.com           | 2025-08-06   |     118385 | Romantic Paris Getaway
 Ashley Jenkins       | jessicakelly@example.com         | 2025-08-05   |     391239 | Romantic Paris Getaway
 Heather Garcia       | davidchoi@example.com            | 2025-08-05   |      18906 | Romantic Paris Getaway
 Kelly Young          | ywillis@example.net              | 2025-08-05   |      78989 | Romantic Paris Getaway
 Miranda Hamilton     | zkennedy@example.com             | 2025-08-05   |     194250 | Romantic Paris Getaway
 Ronald Gonzales      | rhonda74@example.net             | 2025-08-05   |     202989 | Romantic Paris Getaway
 Taylor Caldwell      | brandi95@example.org             | 2025-08-05   |       7120 | Romantic Paris Getaway
 Thomas Parker        | ajames@example.net               | 2025-08-05   |     217244 | Romantic Paris Getaway
 Crystal Smith        | ymitchell@example.com            | 2025-08-04   |      79955 | Romantic Paris Getaway
 Dawn Sharp           | jessica38@example.org            | 2025-08-04   |     147123 | Romantic Paris Getaway
 Jennifer Smith       | zwilson@example.net              | 2025-08-04   |     260874 | Romantic Paris Getaway
 Jeremy Cox           | clarkheather@example.org         | 2025-08-04   |     128072 | Romantic Paris Getaway
 Michael Cooper       | wrightpaul@example.net           | 2025-08-04   |     365540 | Romantic Paris Getaway
 Suzanne Potts        | reynoldsbrad@example.org         | 2025-08-04   |      47626 | Romantic Paris Getaway
 Wayne Johns          | danielle60@example.net           | 2025-08-04   |     349403 | Romantic Paris Getaway
 Amanda Bishop        | craigware@example.com            | 2025-08-03   |     295966 | Romantic Paris Getaway
 Brandon Huff         | fisherjason@example.com          | 2025-08-03   |      84144 | Romantic Paris Getaway
 Emily Stokes         | krogers@example.org              | 2025-08-03   |     113895 | Romantic Paris Getaway
 James Harris         | krice@example.org                | 2025-08-03   |     263486 | Romantic Paris Getaway
 Jonathan Martinez    | nmay@example.net                 | 2025-08-03   |     114470 | Romantic Paris Getaway
 Latoya Cunningham    | sarah73@example.com              | 2025-08-03   |      20134 | Romantic Paris Getaway
 Ryan Fox             | wallen@example.net               | 2025-08-03   |     108997 | Romantic Paris Getaway
 Tamara Moore         | lawrencecox@example.com          | 2025-08-03   |     381204 | Romantic Paris Getaway
 Vicki Jones          | kimberly95@example.org           | 2025-08-03   |     253458 | Romantic Paris Getaway
 Joseph Lambert       | ocooper@example.com              | 2025-08-02   |     271933 | Romantic Paris Getaway
 Mary Weaver          | howelltammy@example.org          | 2025-08-02   |      53958 | Romantic Paris Getaway
 Meredith Reyes       | michael15@example.com            | 2025-08-02   |     395670 | Romantic Paris Getaway
 Michael Rasmussen    | qdavis@example.org               | 2025-08-02   |      83928 | Romantic Paris Getaway
 Paul Hernandez       | brian29@example.net              | 2025-08-02   |     209921 | Romantic Paris Getaway
 Robert Walker        | tmann@example.net                | 2025-08-02   |     119769 | Romantic Paris Getaway
 Shelby Marshall DDS  | gibsonjacqueline@example.com     | 2025-08-02   |     107790 | Romantic Paris Getaway
 Stacy Rodriguez      | ywang@example.net                | 2025-08-02   |      60211 | Romantic Paris Getaway
 Caroline Parsons     | nathanlivingston@example.com     | 2025-08-01   |      39310 | Romantic Paris Getaway
 Cheryl Neal          | watsonkenneth@example.net        | 2025-08-01   |     118263 | Romantic Paris Getaway
 David Santana        | claytonjulie@example.com         | 2025-08-01   |     280315 | Romantic Paris Getaway
 Dennis Cook          | jessicajacobs@example.net        | 2025-08-01   |     258274 | Romantic Paris Getaway
 Jeanne Martin        | courtneydavis@example.com        | 2025-08-01   |       6168 | Romantic Paris Getaway
 Jeremy Molina        | bakeramy@example.net             | 2025-08-01   |      78691 | Romantic Paris Getaway
 Jessica Tucker       | canderson@example.org            | 2025-08-01   |      80564 | Romantic Paris Getaway
 John Flores          | jenna82@example.net              | 2025-08-01   |     355027 | Romantic Paris Getaway
 Joyce Ford           | fvalencia@example.net            | 2025-08-01   |     168695 | Romantic Paris Getaway
 Julian Haynes        | xreed@example.org                | 2025-08-01   |       9379 | Romantic Paris Getaway
 Kristina Smith       | patriciagreen@example.com        | 2025-08-01   |     188480 | Romantic Paris Getaway
 Manuel Francis       | sara95@example.net               | 2025-08-01   |     180205 | Romantic Paris Getaway
 Maria Valenzuela     | moralesmargaret@example.net      | 2025-08-01   |     322726 | Romantic Paris Getaway
 Michael Lowe         | amy28@example.net                | 2025-08-01   |      85123 | Romantic Paris Getaway
 Patricia Moreno      | patricia82@example.org           | 2025-08-01   |      64011 | Romantic Paris Getaway
 Robert Jennings      | wallen@example.net               | 2025-08-01   |      81310 | Romantic Paris Getaway
 Tammy Williamson     | jonathangregory@example.net      | 2025-08-01   |     349634 | Romantic Paris Getaway
 Amanda Goodman       | johncarter@example.net           | 2025-07-31   |     112746 | Romantic Paris Getaway
 Angela Richardson    | hallrichard@example.org          | 2025-07-31   |     264921 | Romantic Paris Getaway
 Cindy Reid           | williamstony@example.com         | 2025-07-31   |     353270 | Romantic Paris Getaway
 Michael Cole         | lynchcharles@example.net         | 2025-07-31   |     234487 | Romantic Paris Getaway
 Sonya Newton         | johnsonyolanda@example.net       | 2025-07-31   |     368002 | Romantic Paris Getaway
 Victoria Scott       | wesley99@example.org             | 2025-07-31   |     126651 | Romantic Paris Getaway
 Alicia Fitzgerald    | wattspaul@example.net            | 2025-07-30   |     165604 | Romantic Paris Getaway
 Brittney Henderson   | kodom@example.net                | 2025-07-30   |     140501 | Romantic Paris Getaway
 Christopher Scott    | ecarpenter@example.com           | 2025-07-30   |      44643 | Romantic Paris Getaway
 Crystal Willis       | parkerryan@example.net           | 2025-07-30   |      15629 | Romantic Paris Getaway
 Dean Hurst           | cassandra74@example.com          | 2025-07-30   |     100353 | Romantic Paris Getaway
 Douglas Cook         | jamie46@example.net              | 2025-07-30   |     397470 | Romantic Paris Getaway
 Nancy Walker         | scottclark@example.net           | 2025-07-30   |     291585 | Romantic Paris Getaway
 Vanessa Jefferson    | wglover@example.com              | 2025-07-30   |     360409 | Romantic Paris Getaway
 Zachary Smith MD     | kaufmandouglas@example.com       | 2025-07-30   |     287536 | Romantic Paris Getaway
 Alexis Frazier       | cmiller@example.com              | 2025-07-29   |      10898 | Romantic Paris Getaway
 Amber Collier        | tmaxwell@example.org             | 2025-07-29   |     326735 | Romantic Paris Getaway
 Cory Mcgee           | danielle28@example.org           | 2025-07-29   |      85169 | Romantic Paris Getaway
 Ian Watson           | james09@example.com              | 2025-07-29   |     309227 | Romantic Paris Getaway
 Jacqueline Lopez     | susanbush@example.org            | 2025-07-29   |     354773 | Romantic Paris Getaway
 Jose Jones           | michael54@example.com            | 2025-07-29   |     119091 | Romantic Paris Getaway
 Joseph Ross          | hnguyen@example.net              | 2025-07-29   |     294831 | Romantic Paris Getaway
 Kelsey Davis         | cdalton@example.com              | 2025-07-29   |     393549 | Romantic Paris Getaway
 Mark Hodges          | wendywalker@example.com          | 2025-07-29   |      98570 | Romantic Paris Getaway
 Michael Mcneil       | nguyenkimberly@example.org       | 2025-07-29   |      39550 | Romantic Paris Getaway
 Samuel Smith         | barrypeter@example.org           | 2025-07-29   |     263396 | Romantic Paris Getaway
 Susan Cooper         | vdavis@example.net               | 2025-07-29   |     117412 | Romantic Paris Getaway
 Troy Brewer          | ujohnson@example.com             | 2025-07-29   |     322600 | Romantic Paris Getaway
 Amanda Lyons         | boyerwilliam@example.org         | 2025-07-28   |      35202 | Romantic Paris Getaway
 Jeffrey Sampson      | hmaynard@example.org             | 2025-07-28   |     272179 | Romantic Paris Getaway
 John Jordan          | whitejonathan@example.net        | 2025-07-28   |     367236 | Romantic Paris Getaway
 Julie Barajas        | jasonbray@example.com            | 2025-07-28   |        777 | Romantic Paris Getaway
 Kathy Sanchez        | andrew45@example.net             | 2025-07-28   |     351834 | Romantic Paris Getaway
 Kelly Gonzalez       | heathertaylor@example.net        | 2025-07-28   |     153547 | Romantic Paris Getaway
 Philip Moon          | vpalmer@example.com              | 2025-07-28   |     280834 | Romantic Paris Getaway
 Trevor Wright        | leedebra@example.net             | 2025-07-28   |     345238 | Romantic Paris Getaway
 Adrienne Austin      | stacywalters@example.com         | 2025-07-27   |      44332 | Romantic Paris Getaway
 Allison French       | wilsonkim@example.net            | 2025-07-27   |      80373 | Romantic Paris Getaway
 Christopher Conrad   | sancheznancy@example.com         | 2025-07-27   |     232957 | Romantic Paris Getaway
 Edward Moore         | jeffreyanderson@example.com      | 2025-07-27   |     217383 | Romantic Paris Getaway
 James Smith          | byoung@example.org               | 2025-07-27   |     154501 | Romantic Paris Getaway
 Justin Rodriguez     | joseph88@example.com             | 2025-07-27   |     292858 | Romantic Paris Getaway
 Kelly Williams       | charris@example.com              | 2025-07-27   |     355505 | Romantic Paris Getaway
 Lauren Pearson       | rogerswilliam@example.org        | 2025-07-27   |     207271 | Romantic Paris Getaway
 Travis Gordon        | hannah78@example.com             | 2025-07-27   |     297205 | Romantic Paris Getaway
 Christian Edwards    | angela90@example.com             | 2025-07-26   |       8402 | Romantic Paris Getaway
 Daniel Woods         | cheryl71@example.org             | 2025-07-26   |     358853 | Romantic Paris Getaway
 Gary Russell         | xgibson@example.com              | 2025-07-26   |     184224 | Romantic Paris Getaway
 Hannah Walker        | boylederrick@example.net         | 2025-07-26   |     290266 | Romantic Paris Getaway
 James Rangel         | michellemay@example.org          | 2025-07-26   |      74568 | Romantic Paris Getaway
 Jordan Hall          | steven07@example.net             | 2025-07-26   |     354387 | Romantic Paris Getaway
 Karen Howe           | lpierce@example.com              | 2025-07-26   |     174613 | Romantic Paris Getaway
 Laura Jones          | aimee16@example.net              | 2025-07-26   |     227984 | Romantic Paris Getaway
 Mary Marks           | melaniechandler@example.org      | 2025-07-26   |     236205 | Romantic Paris Getaway
 Rachel Nelson        | tuckerolivia@example.com         | 2025-07-26   |      37582 | Romantic Paris Getaway
 Timothy Savage       | ricardo03@example.com            | 2025-07-26   |      76161 | Romantic Paris Getaway
 Elizabeth Marquez    | brandysmith@example.com          | 2025-07-25   |      12398 | Romantic Paris Getaway
 Jeffrey Garcia       | rgarcia@example.org              | 2025-07-25   |     212944 | Romantic Paris Getaway
 Jennifer Diaz        | marshmelissa@example.net         | 2025-07-25   |     164324 | Romantic Paris Getaway
 Kenneth Henry        | garrisonmarcus@example.net       | 2025-07-25   |      19373 | Romantic Paris Getaway
 Lisa Carrillo        | catherine60@example.net          | 2025-07-25   |     236405 | Romantic Paris Getaway
 Mark Craig           | shannonfranco@example.org        | 2025-07-25   |     326899 | Romantic Paris Getaway
 Rebecca Burns        | denise72@example.net             | 2025-07-25   |     151905 | Romantic Paris Getaway
 Sara Mcgrath         | glong@example.net                | 2025-07-25   |     274958 | Romantic Paris Getaway
 Sherry Roberts       | tammy61@example.net              | 2025-07-25   |     260170 | Romantic Paris Getaway
 Amy Smith            | justin50@example.org             | 2025-07-24   |      57607 | Romantic Paris Getaway
 Brenda Wang          | zcarter@example.net              | 2025-07-24   |      13070 | Romantic Paris Getaway
 Derek Perez          | vmorgan@example.org              | 2025-07-24   |     360202 | Romantic Paris Getaway
 James Nguyen         | ballardtodd@example.org          | 2025-07-24   |     375559 | Romantic Paris Getaway
 Tiffany Sanchez      | smorris@example.org              | 2025-07-24   |     316698 | Romantic Paris Getaway
 Tracy King           | spearschristopher@example.net    | 2025-07-24   |      86392 | Romantic Paris Getaway
 Katherine West       | heather27@example.net            | 2025-07-23   |     318069 | Romantic Paris Getaway
 Richard Smith        | patelkimberly@example.com        | 2025-07-23   |     125482 | Romantic Paris Getaway
 Suzanne Woods        | josephdiaz@example.org           | 2025-07-23   |      74798 | Romantic Paris Getaway
 Terri Gonzalez       | mjacobson@example.com            | 2025-07-23   |     331957 | Romantic Paris Getaway
 Warren Williams      | samantha32@example.com           | 2025-07-23   |     283480 | Romantic Paris Getaway
 Zachary Fisher       | evasquez@example.com             | 2025-07-23   |     265937 | Romantic Paris Getaway
 Douglas Pena         | robert80@example.com             | 2025-07-22   |     159902 | Romantic Paris Getaway
 Jeffery Fisher       | zguerrero@example.org            | 2025-07-22   |     293997 | Romantic Paris Getaway
 Jeremy Fields        | ricenicholas@example.com         | 2025-07-22   |     380645 | Romantic Paris Getaway
 Joshua Hardin        | jamestaylor@example.net          | 2025-07-22   |      94443 | Romantic Paris Getaway
 Julie Cain           | brenda22@example.org             | 2025-07-22   |     130402 | Romantic Paris Getaway
 Marissa Chapman      | bsutton@example.com              | 2025-07-22   |     186222 | Romantic Paris Getaway
 Megan Jenkins        | burnettamber@example.org         | 2025-07-22   |     228281 | Romantic Paris Getaway
 Melinda Schmidt      | browngail@example.org            | 2025-07-22   |      86908 | Romantic Paris Getaway
 Misty Bartlett       | qcontreras@example.org           | 2025-07-22   |     210567 | Romantic Paris Getaway
 Monica Cummings      | kristen91@example.net            | 2025-07-22   |     219956 | Romantic Paris Getaway
 Aaron Owen           | kelsey16@example.net             | 2025-07-21   |     329264 | Romantic Paris Getaway
 Anne Watson          | waderebecca@example.net          | 2025-07-21   |      83584 | Romantic Paris Getaway
 Claudia Dennis PhD   | andreagarcia@example.org         | 2025-07-21   |       7589 | Romantic Paris Getaway
 Derek Jones          | michael67@example.net            | 2025-07-21   |      61989 | Romantic Paris Getaway
 Frank Cooper         | nicholaskhan@example.com         | 2025-07-21   |     192343 | Romantic Paris Getaway
 Glenn Thornton       | tammy67@example.com              | 2025-07-21   |      43810 | Romantic Paris Getaway
 Kathryn Wilcox       | miguelfloyd@example.net          | 2025-07-21   |     154230 | Romantic Paris Getaway
 Kathy Marks          | barnesbryan@example.com          | 2025-07-21   |     318012 | Romantic Paris Getaway
 Kristin Martin       | rstephenson@example.org          | 2025-07-21   |     194943 | Romantic Paris Getaway
 Marie Turner         | ashleynichols@example.net        | 2025-07-21   |     392913 | Romantic Paris Getaway
 Mary Herring         | charleswarren@example.org        | 2025-07-21   |      32089 | Romantic Paris Getaway
 Michelle Allen       | vazquezcrystal@example.net       | 2025-07-21   |      85113 | Romantic Paris Getaway
 Michelle Jackson     | sarahroberts@example.com         | 2025-07-21   |      25879 | Romantic Paris Getaway
 Stephanie Le         | crystaldaniels@example.com       | 2025-07-21   |     232532 | Romantic Paris Getaway
 Beth Lambert         | weststeven@example.org           | 2025-07-20   |     200891 | Romantic Paris Getaway
 Chelsea Alexander    | lozanokevin@example.net          | 2025-07-20   |     321632 | Romantic Paris Getaway
 Denise Marshall      | weissaaron@example.com           | 2025-07-20   |     148424 | Romantic Paris Getaway
 Ellen Harrison       | johnsonbeth@example.org          | 2025-07-20   |     104799 | Romantic Paris Getaway
 Marcus French MD     | rodriguezmelissa@example.com     | 2025-07-20   |     301179 | Romantic Paris Getaway
 Mrs. Rebecca Bennett | vcox@example.net                 | 2025-07-20   |     258301 | Romantic Paris Getaway
 Randy Ballard        | gparker@example.com              | 2025-07-20   |     257812 | Romantic Paris Getaway
 Robert Fuller        | dylan44@example.net              | 2025-07-20   |      58672 | Romantic Paris Getaway
 William Phillips     | joneslaurie@example.com          | 2025-07-20   |     184020 | Romantic Paris Getaway
 Brian Foster         | joannadaniels@example.com        | 2025-07-19   |     240189 | Romantic Paris Getaway
 Daniel Cooley        | davidsmith@example.com           | 2025-07-19   |      28559 | Romantic Paris Getaway
 Eric Cruz            | tranchristopher@example.com      | 2025-07-19   |     202720 | Romantic Paris Getaway
 Harold Ward          | crodriguez@example.org           | 2025-07-19   |     270508 | Romantic Paris Getaway
 Jeremy Joseph        | kennedyedward@example.com        | 2025-07-19   |     336308 | Romantic Paris Getaway
 Jessica Johnston     | fschmidt@example.com             | 2025-07-19   |     376882 | Romantic Paris Getaway
 Judith Poole         | qjenkins@example.net             | 2025-07-19   |     176712 | Romantic Paris Getaway
 Logan West           | baileyjennifer@example.com       | 2025-07-19   |     331072 | Romantic Paris Getaway
 Natalie Diaz         | josephvaughan@example.com        | 2025-07-19   |      23016 | Romantic Paris Getaway
 Nicolas Armstrong    | adamskara@example.net            | 2025-07-19   |     231161 | Romantic Paris Getaway
 Randy Bass           | hayescatherine@example.com       | 2025-07-19   |     130061 | Romantic Paris Getaway
 Susan Foster         | timothy76@example.net            | 2025-07-19   |     117202 | Romantic Paris Getaway
 Yvette Perry         | victordavis@example.net          | 2025-07-19   |     251155 | Romantic Paris Getaway
 Ana Nichols          | rmartinez@example.org            | 2025-07-18   |      80173 | Romantic Paris Getaway
 Cynthia Joyce        | stevensonbrandon@example.net     | 2025-07-18   |      24446 | Romantic Paris Getaway
 Eugene Powell DVM    | duranheather@example.net         | 2025-07-18   |     274470 | Romantic Paris Getaway
 James Villegas       | usmith@example.com               | 2025-07-18   |      43046 | Romantic Paris Getaway
 Jonathan Williams    | stacybass@example.net            | 2025-07-18   |     203194 | Romantic Paris Getaway
 Justin Cunningham    | tammy78@example.org              | 2025-07-18   |     364428 | Romantic Paris Getaway
 Krystal Barajas      | thomasrogers@example.net         | 2025-07-18   |     129400 | Romantic Paris Getaway
 Miranda Ford         | stewartkelly@example.org         | 2025-07-18   |     124932 | Romantic Paris Getaway
 Alexandra Hodge      | vruiz@example.org                | 2025-07-17   |     192497 | Romantic Paris Getaway
 Daniel Stephens      | michellejarvis@example.com       | 2025-07-17   |     279435 | Romantic Paris Getaway
 Joseph Wilson        | christinaarmstrong@example.com   | 2025-07-17   |     213450 | Romantic Paris Getaway
 Marcus Allen         | heather78@example.net            | 2025-07-17   |     277086 | Romantic Paris Getaway
 Mary Lyons           | lopezana@example.com             | 2025-07-17   |     236413 | Romantic Paris Getaway
 Mrs. Brittany Reed   | andreamorgan@example.net         | 2025-07-17   |     147399 | Romantic Paris Getaway
 Nancy Price          | meghanperez@example.com          | 2025-07-17   |      23789 | Romantic Paris Getaway
 Nicole King          | marysmith@example.com            | 2025-07-17   |     236181 | Romantic Paris Getaway
 Sandra Andrews       | brian85@example.org              | 2025-07-17   |     306215 | Romantic Paris Getaway
 Amy Jones            | kristendoyle@example.org         | 2025-07-16   |       6502 | Romantic Paris Getaway
 Andre Roy            | klinedavid@example.net           | 2025-07-16   |     255051 | Romantic Paris Getaway
 Janice Hernandez     | jimmyphillips@example.org        | 2025-07-16   |      78372 | Romantic Paris Getaway
 Joseph Hill          | john95@example.net               | 2025-07-16   |     113703 | Romantic Paris Getaway
 Karen Rivera         | danielvaughn@example.net         | 2025-07-16   |      20147 | Romantic Paris Getaway
 Kim Mitchell         | dianafrank@example.com           | 2025-07-16   |      99002 | Romantic Paris Getaway
 Kimberly Hernandez   | cgraham@example.net              | 2025-07-16   |     309165 | Romantic Paris Getaway
 Laurie Morgan        | ricardo62@example.com            | 2025-07-16   |     397099 | Romantic Paris Getaway
 Linda Macias         | davidcastillo@example.org        | 2025-07-16   |     156037 | Romantic Paris Getaway
 Linda Turner         | greensteven@example.net          | 2025-07-16   |      91653 | Romantic Paris Getaway
 Lisa Proctor         | thomas82@example.net             | 2025-07-16   |      76904 | Romantic Paris Getaway
 Michelle Carter      | christopherkeith@example.com     | 2025-07-16   |     202311 | Romantic Paris Getaway
 Stacy Nolan          | justin33@example.com             | 2025-07-16   |      82092 | Romantic Paris Getaway
 Todd Martin          | ruthcook@example.org             | 2025-07-16   |     391082 | Romantic Paris Getaway
 Amanda Mccarthy      | douglasparker@example.com        | 2025-07-15   |     208776 | Romantic Paris Getaway
 Anthony Gibson       | bennettdavid@example.org         | 2025-07-15   |     160680 | Romantic Paris Getaway
 Christopher Giles    | lawsonjohn@example.com           | 2025-07-15   |     277262 | Romantic Paris Getaway
 Donna Snow           | sabrinaibarra@example.com        | 2025-07-15   |     142793 | Romantic Paris Getaway
 Edward Jackson       | jsmith@example.com               | 2025-07-15   |     191960 | Romantic Paris Getaway
 John Dunn            | michaelfowler@example.org        | 2025-07-15   |      73741 | Romantic Paris Getaway
 Jordan Baker         | brandonthompson@example.org      | 2025-07-15   |      73134 | Romantic Paris Getaway
 Matthew Watson       | donna26@example.org              | 2025-07-15   |      44933 | Romantic Paris Getaway
 Mckenzie Stanley     | fjefferson@example.org           | 2025-07-15   |     140620 | Romantic Paris Getaway
 Robert Smith         | graybrianna@example.net          | 2025-07-15   |     243166 | Romantic Paris Getaway
 Ronald Martin        | jjohnson@example.net             | 2025-07-15   |     314199 | Romantic Paris Getaway
 Shannon Stewart      | haroldhernandez@example.net      | 2025-07-15   |     154301 | Romantic Paris Getaway
 Cynthia Schultz      | pherring@example.net             | 2025-07-14   |     163381 | Romantic Paris Getaway
 Deborah Burns        | ibarnett@example.org             | 2025-07-14   |     326347 | Romantic Paris Getaway
 Diane Bray           | katie09@example.com              | 2025-07-14   |     216880 | Romantic Paris Getaway
 Jeffrey Thomas       | floreschelsea@example.com        | 2025-07-14   |     115143 | Romantic Paris Getaway
 Jill Tapia           | welchcrystal@example.com         | 2025-07-14   |      26191 | Romantic Paris Getaway
 Julie Aguilar        | sweber@example.com               | 2025-07-14   |     397193 | Romantic Paris Getaway
 Karen Phillips       | hurstleslie@example.com          | 2025-07-14   |      20335 | Romantic Paris Getaway
 Kimberly Smith       | timothy01@example.com            | 2025-07-14   |      32621 | Romantic Paris Getaway
 Robert Allen         | cindy57@example.net              | 2025-07-14   |      10658 | Romantic Paris Getaway
 Robert Rogers        | heidi27@example.com              | 2025-07-14   |     157185 | Romantic Paris Getaway
 Steven Miller        | brownmeagan@example.net          | 2025-07-14   |      94102 | Romantic Paris Getaway
 Susan Webb           | gary68@example.org               | 2025-07-14   |     384040 | Romantic Paris Getaway
 Timothy Gallegos     | pross@example.org                | 2025-07-14   |     218848 | Romantic Paris Getaway
 Timothy Singleton    | samanthadecker@example.com       | 2025-07-14   |     274772 | Romantic Paris Getaway
 Vickie Henry         | romanjose@example.com            | 2025-07-14   |     150692 | Romantic Paris Getaway
 Wesley Bradshaw      | stephanielane@example.net        | 2025-07-14   |     138019 | Romantic Paris Getaway
 Amanda Melendez      | josephbrooks@example.net         | 2025-07-13   |     365016 | Romantic Paris Getaway
 Brooke Williams      | phillip16@example.com            | 2025-07-13   |     204181 | Romantic Paris Getaway
 Chelsea Frost        | hoovertracy@example.com          | 2025-07-13   |     246487 | Romantic Paris Getaway
 Chelsea Palmer DVM   | zgonzalez@example.net            | 2025-07-13   |      82398 | Romantic Paris Getaway
 Christian Serrano    | jeffprice@example.com            | 2025-07-13   |     287603 | Romantic Paris Getaway
 Gregory Thomas       | tylerchambers@example.com        | 2025-07-13   |     203049 | Romantic Paris Getaway
 Jessica Poole        | watsonjames@example.org          | 2025-07-13   |     312853 | Romantic Paris Getaway
 Kevin Morris         | nicole78@example.com             | 2025-07-13   |     340115 | Romantic Paris Getaway
 Mckenzie Chandler    | shannon01@example.com            | 2025-07-13   |     252402 | Romantic Paris Getaway
 Michelle Moore       | brittany99@example.com           | 2025-07-13   |     366300 | Romantic Paris Getaway
 Natalie Williams     | cynthiacurry@example.net         | 2025-07-13   |     287564 | Romantic Paris Getaway
 Nicholas Chavez      | leedenise@example.org            | 2025-07-13   |     342768 | Romantic Paris Getaway
 Alexandra Page       | dparker@example.net              | 2025-07-12   |      32250 | Romantic Paris Getaway
 Austin Roy           | vaughnmary@example.com           | 2025-07-12   |     377032 | Romantic Paris Getaway
 Blake Perry          | rgonzales@example.org            | 2025-07-12   |      12459 | Romantic Paris Getaway
 Catherine Harrington | cunninghamlisa@example.org       | 2025-07-12   |     322280 | Romantic Paris Getaway
 Chase Rowe           | benjaminlucero@example.com       | 2025-07-12   |     106141 | Romantic Paris Getaway
 Destiny Reed         | thomas15@example.org             | 2025-07-12   |      92875 | Romantic Paris Getaway
 Haley Mckee          | hallelizabeth@example.org        | 2025-07-12   |     284098 | Romantic Paris Getaway
 John Smith           | guzmanpatrick@example.com        | 2025-07-12   |     217235 | Romantic Paris Getaway
 Kathleen Wong        | brooke46@example.org             | 2025-07-12   |     247685 | Romantic Paris Getaway
 Kristopher Johnson   | kathrynbaker@example.com         | 2025-07-12   |      74561 | Romantic Paris Getaway
 Mr. Michael Miller   | jaredwilliams@example.net        | 2025-07-12   |     148804 | Romantic Paris Getaway
 Nicole Jackson       | medinajames@example.com          | 2025-07-12   |      11787 | Romantic Paris Getaway
 Rebekah Callahan     | dbrown@example.org               | 2025-07-12   |     193233 | Romantic Paris Getaway
 Shannon Hoover       | rrodriguez@example.com           | 2025-07-12   |     369873 | Romantic Paris Getaway
 Shawn Hamilton       | sharon63@example.com             | 2025-07-12   |     214393 | Romantic Paris Getaway
 Terri Monroe         | danielle73@example.org           | 2025-07-12   |     232015 | Romantic Paris Getaway
 Elizabeth Robertson  | brittanypope@example.org         | 2025-07-11   |      75720 | Romantic Paris Getaway
 Jessica Hoffman      | sheilawilliams@example.net       | 2025-07-11   |      70770 | Romantic Paris Getaway
 Justin Reed          | annadiaz@example.org             | 2025-07-11   |     113824 | Romantic Paris Getaway
 Karen Odonnell       | cphillips@example.net            | 2025-07-11   |      85095 | Romantic Paris Getaway
 Kimberly Gonzales    | phillipjenkins@example.org       | 2025-07-11   |     166585 | Romantic Paris Getaway
 Kimberly Vasquez     | barrettrachel@example.net        | 2025-07-11   |     305626 | Romantic Paris Getaway
 Mary Sanchez         | miguelgarcia@example.com         | 2025-07-11   |     210993 | Romantic Paris Getaway
 Nicholas Davis       | kyleli@example.com               | 2025-07-11   |     215539 | Romantic Paris Getaway
 Omar Martinez        | harrislori@example.org           | 2025-07-11   |     260484 | Romantic Paris Getaway
 Thomas Kelly         | johnsonjesus@example.net         | 2025-07-11   |      37126 | Romantic Paris Getaway
 Tony Mckay           | higginsbethany@example.com       | 2025-07-11   |      92118 | Romantic Paris Getaway
 Amy Cameron          | david82@example.net              | 2025-07-10   |     104830 | Romantic Paris Getaway
 Barry Harris DVM     | lpowell@example.org              | 2025-07-10   |     153909 | Romantic Paris Getaway
 Emily Bender         | johnsonmichael@example.com       | 2025-07-10   |     165966 | Romantic Paris Getaway
 Hannah Estrada       | fharris@example.net              | 2025-07-10   |     387118 | Romantic Paris Getaway
 James English        | kelly46@example.org              | 2025-07-10   |     161999 | Romantic Paris Getaway
 Joseph Hernandez     | operez@example.net               | 2025-07-10   |     258605 | Romantic Paris Getaway
 Michael Fuller       | tmorales@example.org             | 2025-07-10   |     247219 | Romantic Paris Getaway
 Ryan Cain            | lstewart@example.org             | 2025-07-10   |      74120 | Romantic Paris Getaway
 Brenda Zuniga        | mark86@example.com               | 2025-07-09   |     338775 | Romantic Paris Getaway
 Daniel Freeman       | richard50@example.net            | 2025-07-09   |      55827 | Romantic Paris Getaway
 Hector Coleman       | sandra23@example.net             | 2025-07-09   |     226140 | Romantic Paris Getaway
 Hunter Smith         | blairrobert@example.org          | 2025-07-09   |     144834 | Romantic Paris Getaway
 James Bridges        | abigailperez@example.net         | 2025-07-09   |     300586 | Romantic Paris Getaway
 Jason Waters         | jason00@example.net              | 2025-07-09   |     258232 | Romantic Paris Getaway
 Kevin Odonnell       | michael34@example.net            | 2025-07-09   |     147159 | Romantic Paris Getaway
 Timothy Gilmore      | ethanhughes@example.com          | 2025-07-09   |      44985 | Romantic Paris Getaway
 Brittany White       | thomasdonna@example.net          | 2025-07-08   |     379228 | Romantic Paris Getaway
 Dwayne Barrett Jr.   | sarahrobinson@example.com        | 2025-07-08   |     134527 | Romantic Paris Getaway
 Felicia Horne        | ryanjohn@example.com             | 2025-07-08   |      27018 | Romantic Paris Getaway
 Kimberly Patterson   | deborah43@example.com            | 2025-07-08   |     207613 | Romantic Paris Getaway
 Kristin Warren       | molson@example.com               | 2025-07-08   |     385175 | Romantic Paris Getaway
 Laura Galloway       | thomas47@example.org             | 2025-07-08   |     278814 | Romantic Paris Getaway
 Madeline Guerra      | patrickboyd@example.com          | 2025-07-08   |     272489 | Romantic Paris Getaway
 Patricia Dean        | andrekirby@example.com           | 2025-07-08   |     177356 | Romantic Paris Getaway
 Patricia Rhodes      | youngjohn@example.org            | 2025-07-08   |     314313 | Romantic Paris Getaway
 Randy Huang          | brent24@example.net              | 2025-07-08   |     394584 | Romantic Paris Getaway
 Richard Cannon       | guzmanandrew@example.net         | 2025-07-08   |      59549 | Romantic Paris Getaway
 Tammy Harris         | bradleyanthony@example.net       | 2025-07-08   |     189457 | Romantic Paris Getaway
 Alyssa Wells         | dlopez@example.com               | 2025-07-07   |     135465 | Romantic Paris Getaway
 Barbara Lawrence     | danielrivera@example.com         | 2025-07-07   |     157014 | Romantic Paris Getaway
 Christopher Brewer   | pinedajoshua@example.net         | 2025-07-07   |     267174 | Romantic Paris Getaway
 Jamie Logan          | kevincarpenter@example.net       | 2025-07-07   |      93958 | Romantic Paris Getaway
 Kristina Wang        | kelly31@example.com              | 2025-07-07   |       6718 | Romantic Paris Getaway
 Kyle Flores          | robert23@example.net             | 2025-07-07   |      13210 | Romantic Paris Getaway
 Lawrence Mccoy       | adavis@example.org               | 2025-07-07   |     184118 | Romantic Paris Getaway
 Michael Cook III     | williamssteven@example.org       | 2025-07-07   |     234008 | Romantic Paris Getaway
 Ronald Stephens      | jonathan88@example.com           | 2025-07-07   |      33847 | Romantic Paris Getaway
 Scott Martinez       | castillomelissa@example.org      | 2025-07-07   |      92324 | Romantic Paris Getaway
 Shannon Zuniga       | emilygallegos@example.net        | 2025-07-07   |     257217 | Romantic Paris Getaway
 Tammy Dominguez      | eric58@example.com               | 2025-07-07   |     102092 | Romantic Paris Getaway
 Timothy Ruiz         | aford@example.net                | 2025-07-07   |     138005 | Romantic Paris Getaway
 William Clements     | johnsonmatthew@example.net       | 2025-07-07   |     371939 | Romantic Paris Getaway
 Antonio Navarro      | karen43@example.net              | 2025-07-06   |     308193 | Romantic Paris Getaway
 Daniel White         | leslieowens@example.org          | 2025-07-06   |     271860 | Romantic Paris Getaway
 Debra Cooper         | qkemp@example.net                | 2025-07-06   |     157123 | Romantic Paris Getaway
 Eric Hess            | tylerhoward@example.com          | 2025-07-06   |      84120 | Romantic Paris Getaway
 Kelly Williams       | daisy42@example.com              | 2025-07-06   |     143150 | Romantic Paris Getaway
 Kimberly Thomas      | ashley28@example.net             | 2025-07-06   |     106487 | Romantic Paris Getaway
 Kristen Hess         | svance@example.net               | 2025-07-06   |      49365 | Romantic Paris Getaway
 Linda Davis          | jamesfuller@example.net          | 2025-07-06   |     117661 | Romantic Paris Getaway
 Maria Taylor         | boyddavid@example.net            | 2025-07-06   |      10713 | Romantic Paris Getaway
 Michelle Carter      | uflores@example.net              | 2025-07-06   |     348579 | Romantic Paris Getaway
 Thomas Fox           | edwardselizabeth@example.com     | 2025-07-06   |      24323 | Romantic Paris Getaway
 Amy Villa            | christina96@example.org          | 2025-07-05   |     269359 | Romantic Paris Getaway
 Ana Juarez           | lopezjessica@example.com         | 2025-07-05   |     118379 | Romantic Paris Getaway
 Christopher Hamilton | jacqueline15@example.net         | 2025-07-05   |     293848 | Romantic Paris Getaway
 Keith Brown          | alishamcdonald@example.com       | 2025-07-05   |     219634 | Romantic Paris Getaway
 Kimberly Hughes MD   | clarkmichael@example.org         | 2025-07-05   |      88237 | Romantic Paris Getaway
 Lisa Campbell        | connor17@example.org             | 2025-07-05   |     256466 | Romantic Paris Getaway
 Crystal Fisher       | alyssa71@example.net             | 2025-07-04   |     125228 | Romantic Paris Getaway
 Dan Carroll          | reneehammond@example.net         | 2025-07-04   |     125995 | Romantic Paris Getaway
 Dennis Johnson       | juanhernandez@example.com        | 2025-07-04   |     391945 | Romantic Paris Getaway
 Elizabeth Noble      | foxangela@example.net            | 2025-07-04   |     239814 | Romantic Paris Getaway
 Henry Franco         | kristen58@example.com            | 2025-07-04   |     193142 | Romantic Paris Getaway
 John Ballard         | edwardrobles@example.net         | 2025-07-04   |      89198 | Romantic Paris Getaway
 Joseph Crawford      | johnny77@example.org             | 2025-07-04   |     276301 | Romantic Paris Getaway
 Joshua Gray          | torresblake@example.net          | 2025-07-04   |     311849 | Romantic Paris Getaway
 Julian Brandt        | nelsonshannon@example.org        | 2025-07-04   |     339221 | Romantic Paris Getaway
 Michael Diaz         | bradley03@example.org            | 2025-07-04   |      22000 | Romantic Paris Getaway
 Natalie Arias        | kimcynthia@example.net           | 2025-07-04   |      23731 | Romantic Paris Getaway
 Anthony Humphrey     | joshuarivera@example.com         | 2025-07-03   |     203466 | Romantic Paris Getaway
 Becky Deleon         | danderson@example.com            | 2025-07-03   |      31813 | Romantic Paris Getaway
 Daniel Welch         | qmejia@example.org               | 2025-07-03   |     221231 | Romantic Paris Getaway
 David Whitaker       | bolsen@example.org               | 2025-07-03   |      42969 | Romantic Paris Getaway
 Joshua Coleman       | moralesangela@example.net        | 2025-07-03   |     118760 | Romantic Paris Getaway
 Joyce Neal           | james04@example.net              | 2025-07-03   |      41873 | Romantic Paris Getaway
 Kyle Davis           | drobinson@example.net            | 2025-07-03   |     177267 | Romantic Paris Getaway
 Max Herring          | jennifermendoza@example.org      | 2025-07-03   |     328068 | Romantic Paris Getaway
 Michael Terry        | carolynjuarez@example.org        | 2025-07-03   |     109442 | Romantic Paris Getaway
 Richard Salas        | robert67@example.net             | 2025-07-03   |     218368 | Romantic Paris Getaway
 Roger Garcia         | lisamack@example.net             | 2025-07-03   |     290663 | Romantic Paris Getaway
 Shane Walker         | ihoward@example.net              | 2025-07-03   |      72592 | Romantic Paris Getaway
 Yvonne Mosley        | garrettcaitlin@example.org       | 2025-07-03   |     210620 | Romantic Paris Getaway
 Emily Powell         | michellereed@example.net         | 2025-07-02   |     284032 | Romantic Paris Getaway
 Joseph Benton        | hunterrichard@example.org        | 2025-07-02   |     205425 | Romantic Paris Getaway
 Joseph Henderson     | ibolton@example.net              | 2025-07-02   |     287693 | Romantic Paris Getaway
 Kenneth Smith        | mcphersondavid@example.net       | 2025-07-02   |     311060 | Romantic Paris Getaway
 Kristine Combs       | jane80@example.com               | 2025-07-02   |      49138 | Romantic Paris Getaway
 Nichole Higgins      | morrismichael@example.com        | 2025-07-02   |     239280 | Romantic Paris Getaway
 Steven Holloway      | kimtyler@example.com             | 2025-07-02   |      29692 | Romantic Paris Getaway
 Travis Mcmahon       | ptaylor@example.net              | 2025-07-02   |     340045 | Romantic Paris Getaway
 April Guerra         | xjohnson@example.org             | 2025-07-01   |     297307 | Romantic Paris Getaway
 Christopher Cox      | englishjohn@example.net          | 2025-07-01   |     370285 | Romantic Paris Getaway
 Dawn Jones           | dawn94@example.com               | 2025-07-01   |     102707 | Romantic Paris Getaway
 Laura Scott          | christopherwalker@example.com    | 2025-07-01   |      51637 | Romantic Paris Getaway
 Michael Guzman       | rtownsend@example.com            | 2025-07-01   |     269213 | Romantic Paris Getaway
 Natalie Taylor       | kharrell@example.com             | 2025-07-01   |     335466 | Romantic Paris Getaway
 Patricia Fisher      | robertsjohn@example.net          | 2025-07-01   |     142916 | Romantic Paris Getaway
 Rebecca Simmons      | otaylor@example.net              | 2025-07-01   |     270727 | Romantic Paris Getaway
 Ryan Mitchell        | mcdaniellisa@example.com         | 2025-07-01   |     365544 | Romantic Paris Getaway
 Samuel Hill          | campbellbrian@example.org        | 2025-07-01   |     205444 | Romantic Paris Getaway
 Stephanie Nguyen     | emurphy@example.org              | 2025-07-01   |     204057 | Romantic Paris Getaway
 Theresa Shaw         | qbradley@example.net             | 2025-07-01   |     223140 | Romantic Paris Getaway
 Amanda Huynh         | roblestiffany@example.com        | 2025-06-30   |     270450 | Romantic Paris Getaway
 Angel Stewart        | johnsantiago@example.org         | 2025-06-30   |      16707 | Romantic Paris Getaway
 Carrie Boyle         | mwilliams@example.net            | 2025-06-30   |     262338 | Romantic Paris Getaway
 Christine Reid       | bobby70@example.net              | 2025-06-30   |      96146 | Romantic Paris Getaway
 Elizabeth Olson      | andersonrandy@example.com        | 2025-06-30   |     380720 | Romantic Paris Getaway
 Hector Bailey        | lopezsheri@example.net           | 2025-06-30   |     112014 | Romantic Paris Getaway
 Jeffrey Cooper       | joshuacampbell@example.net       | 2025-06-30   |     107763 | Romantic Paris Getaway
 Jerry Morgan         | smithsteven@example.net          | 2025-06-30   |     320994 | Romantic Paris Getaway
 Jordan Fox           | thomassimpson@example.org        | 2025-06-30   |     178124 | Romantic Paris Getaway
 Katherine Flowers    | oward@example.net                | 2025-06-30   |     370645 | Romantic Paris Getaway
 Kelsey Mendoza       | xmurillo@example.org             | 2025-06-30   |      66826 | Romantic Paris Getaway
 Michael Jones        | joseph94@example.net             | 2025-06-30   |     325525 | Romantic Paris Getaway
 Ms. Stacey Taylor    | troy13@example.com               | 2025-06-30   |     298434 | Romantic Paris Getaway
 Patricia Harris      | arthur81@example.com             | 2025-06-30   |     144000 | Romantic Paris Getaway
 William Delgado      | wtorres@example.com              | 2025-06-30   |     160627 | Romantic Paris Getaway
 Chelsea Lewis        | afields@example.com              | 2025-06-29   |      27995 | Romantic Paris Getaway
 Claudia Lopez        | hannahjohnson@example.org        | 2025-06-29   |     155127 | Romantic Paris Getaway
 Elizabeth Mathews    | smacdonald@example.net           | 2025-06-29   |      14395 | Romantic Paris Getaway
 Jeremy Morgan        | ellisamy@example.com             | 2025-06-29   |     122687 | Romantic Paris Getaway
 Jordan Diaz          | stephen95@example.com            | 2025-06-29   |     179370 | Romantic Paris Getaway
 Julia Walker         | stacey89@example.com             | 2025-06-29   |     291980 | Romantic Paris Getaway
 Lisa Walker          | sherryrobbins@example.com        | 2025-06-29   |     119922 | Romantic Paris Getaway
 Melissa Anderson     | qkane@example.net                | 2025-06-29   |     193360 | Romantic Paris Getaway
 Nicholas Monroe      | john34@example.com               | 2025-06-29   |      96481 | Romantic Paris Getaway
 Sara Mcfarland       | stephaniesmith@example.net       | 2025-06-29   |     339035 | Romantic Paris Getaway
 Tammy Johnson        | joshua86@example.org             | 2025-06-29   |     126921 | Romantic Paris Getaway
 Alec Calhoun         | aaron31@example.org              | 2025-06-28   |     280938 | Romantic Paris Getaway
 Andrew Chung         | martinezbrandy@example.net       | 2025-06-28   |     218206 | Romantic Paris Getaway
 Dr. Laurie Lowe      | aprilhancock@example.net         | 2025-06-28   |      93998 | Romantic Paris Getaway
 Karen Barnes         | frenchheather@example.org        | 2025-06-28   |     129251 | Romantic Paris Getaway
 Katelyn Hammond      | patrickrichard@example.com       | 2025-06-28   |     297432 | Romantic Paris Getaway
 Lisa Christian       | rodriguezrobert@example.org      | 2025-06-28   |     286634 | Romantic Paris Getaway
 Marvin Burton        | kpatterson@example.net           | 2025-06-28   |      29473 | Romantic Paris Getaway
 Paula Wright         | gonzalezcole@example.net         | 2025-06-28   |     233141 | Romantic Paris Getaway
 Susan Sherman        | basslindsey@example.com          | 2025-06-28   |     137362 | Romantic Paris Getaway
 Teresa Pittman MD    | pbarrera@example.com             | 2025-06-28   |     122508 | Romantic Paris Getaway
 Todd Green           | delacruzandrew@example.net       | 2025-06-28   |     156066 | Romantic Paris Getaway
 Alan Kim             | reneeingram@example.net          | 2025-06-27   |     282460 | Romantic Paris Getaway
 Amy Brown            | pfrazier@example.com             | 2025-06-27   |     327710 | Romantic Paris Getaway
 Andrew Williams      | mark84@example.net               | 2025-06-27   |     291594 | Romantic Paris Getaway
 Chelsea Green        | bethrichard@example.net          | 2025-06-27   |     160159 | Romantic Paris Getaway
 Cynthia Wilcox       | mary50@example.net               | 2025-06-27   |     367281 | Romantic Paris Getaway
 Dorothy Simmons      | danielhunter@example.org         | 2025-06-27   |     112218 | Romantic Paris Getaway
 James Moore          | richard82@example.org            | 2025-06-27   |     291577 | Romantic Paris Getaway
 Jeremy Joseph        | kennedyedward@example.com        | 2025-06-27   |     225085 | Romantic Paris Getaway
 John Moody           | erikmarshall@example.net         | 2025-06-27   |     167883 | Romantic Paris Getaway
 Jose Jackson         | ynolan@example.net               | 2025-06-27   |     394665 | Romantic Paris Getaway
 Keith Lloyd          | aaron14@example.net              | 2025-06-27   |     149375 | Romantic Paris Getaway
 Logan Hardy          | qmatthews@example.org            | 2025-06-27   |     345883 | Romantic Paris Getaway
 Maurice Collins      | hernandezmichelle@example.org    | 2025-06-27   |      62599 | Romantic Paris Getaway
 Mr. Nathan Brown     | epope@example.com                | 2025-06-27   |     165621 | Romantic Paris Getaway
 Nicole Rodgers       | rebeccabrown@example.net         | 2025-06-27   |      13055 | Romantic Paris Getaway
 Richard Daniels      | ctran@example.org                | 2025-06-27   |     298172 | Romantic Paris Getaway
 Sonia Newman         | robinblair@example.com           | 2025-06-27   |     249510 | Romantic Paris Getaway
 Taylor Montes        | ireese@example.com               | 2025-06-27   |     138699 | Romantic Paris Getaway
 Troy Thomas          | beth43@example.com               | 2025-06-27   |      56861 | Romantic Paris Getaway
 Anthony Baker        | lauren53@example.org             | 2025-06-26   |     307346 | Romantic Paris Getaway
 Daniel Parker        | ccampbell@example.org            | 2025-06-26   |     397282 | Romantic Paris Getaway
 Dawn Moss            | kwheeler@example.com             | 2025-06-26   |      80574 | Romantic Paris Getaway
 Edward Sloan         | tommycrawford@example.org        | 2025-06-26   |      64172 | Romantic Paris Getaway
 Jason Scott          | michellevillarreal@example.net   | 2025-06-26   |      59346 | Romantic Paris Getaway
 Kyle Medina          | albertbrown@example.net          | 2025-06-26   |     106232 | Romantic Paris Getaway
 Lauren Rodriguez     | pmurray@example.com              | 2025-06-26   |     355760 | Romantic Paris Getaway
 Mark Evans           | wendy18@example.org              | 2025-06-26   |      77989 | Romantic Paris Getaway
 Rachel Steele        | frichardson@example.org          | 2025-06-26   |     209872 | Romantic Paris Getaway
 William Hunter       | jamesclark@example.org           | 2025-06-26   |     181551 | Romantic Paris Getaway
 Angela Simmons       | gregorywagner@example.net        | 2025-06-25   |     131035 | Romantic Paris Getaway
 Darin Branch         | wsmith@example.org               | 2025-06-25   |     342846 | Romantic Paris Getaway
 Deborah Mitchell     | paulroberts@example.net          | 2025-06-25   |     210252 | Romantic Paris Getaway
 Dylan Shaw           | kristen34@example.org            | 2025-06-25   |      41149 | Romantic Paris Getaway
 Lindsey Oconnor      | kingeric@example.net             | 2025-06-25   |     316972 | Romantic Paris Getaway
 Megan Pitts          | russellcrystal@example.net       | 2025-06-25   |     368074 | Romantic Paris Getaway
 Stephanie Harris     | haileystewart@example.com        | 2025-06-25   |      51697 | Romantic Paris Getaway
 Victoria Fleming     | jason45@example.net              | 2025-06-25   |     137707 | Romantic Paris Getaway
 Alexis Hurst         | rebecca20@example.org            | 2025-06-24   |     315769 | Romantic Paris Getaway
 Anna Hoover          | harrischarles@example.net        | 2025-06-24   |      44765 | Romantic Paris Getaway
 Cynthia Young        | richardsonjames@example.com      | 2025-06-24   |      50153 | Romantic Paris Getaway
 Harry Rodriguez      | promero@example.com              | 2025-06-24   |     105850 | Romantic Paris Getaway
 Jacob Williams       | lisa39@example.com               | 2025-06-24   |     178067 | Romantic Paris Getaway
 Julie Bryant         | rsmith@example.net               | 2025-06-24   |     322264 | Romantic Paris Getaway
 Kelly Mcconnell      | melissa24@example.com            | 2025-06-24   |      99133 | Romantic Paris Getaway
 Michael King         | stephaniewang@example.com        | 2025-06-24   |      40537 | Romantic Paris Getaway
 Mitchell Hunt        | jacqueline12@example.org         | 2025-06-24   |       3949 | Romantic Paris Getaway
 Phillip Ayala        | danielleparsons@example.net      | 2025-06-24   |     159637 | Romantic Paris Getaway
 Timothy Reyes        | garzamaria@example.net           | 2025-06-24   |     213039 | Romantic Paris Getaway
 Todd Wilson          | cristinaadams@example.org        | 2025-06-24   |     305792 | Romantic Paris Getaway
 Ann Carter           | tphelps@example.net              | 2025-06-23   |      79348 | Romantic Paris Getaway
 Brent Mcdonald       | derrick45@example.com            | 2025-06-23   |     282802 | Romantic Paris Getaway
 Derek Ellison        | kevin29@example.org              | 2025-06-23   |     115603 | Romantic Paris Getaway
 Donald Schwartz      | leejustin@example.org            | 2025-06-23   |     324907 | Romantic Paris Getaway
 James Blackwell      | hherman@example.net              | 2025-06-23   |     229254 | Romantic Paris Getaway
 Jessica Johnson      | davidgibson@example.org          | 2025-06-23   |     310905 | Romantic Paris Getaway
 Kaitlyn West         | rebeccahamilton@example.org      | 2025-06-23   |     191900 | Romantic Paris Getaway
 Lori Robertson       | pshaw@example.org                | 2025-06-23   |     312446 | Romantic Paris Getaway
 Michael Perez        | danielle92@example.com           | 2025-06-23   |     201714 | Romantic Paris Getaway
 Mrs. Emily Massey    | eanderson@example.org            | 2025-06-23   |      89773 | Romantic Paris Getaway
 Shannon Carlson      | prestonmatthew@example.com       | 2025-06-23   |      66373 | Romantic Paris Getaway
 Angela Coleman       | hendersonanna@example.org        | 2025-06-22   |     103730 | Romantic Paris Getaway
 April Hernandez      | adavid@example.org               | 2025-06-22   |     334641 | Romantic Paris Getaway
 Janice Campbell      | jamesmcguire@example.org         | 2025-06-22   |      19790 | Romantic Paris Getaway
 Justin Torres        | edwin59@example.com              | 2025-06-22   |     361510 | Romantic Paris Getaway
 Lisa Collins         | johnsonjodi@example.com          | 2025-06-22   |     203633 | Romantic Paris Getaway
 Mark Sanders         | mcmillanalicia@example.org       | 2025-06-22   |     277663 | Romantic Paris Getaway
 Mark Wallace         | kylejohnson@example.net          | 2025-06-22   |     378083 | Romantic Paris Getaway
 Michael Jones        | twillis@example.org              | 2025-06-22   |      46681 | Romantic Paris Getaway
 Mr. Christopher Blac | michelle40@example.org           | 2025-06-22   |     230337 | Romantic Paris Getaway
 Taylor Monroe        | dhughes@example.net              | 2025-06-22   |     359195 | Romantic Paris Getaway
 Theresa Goodman      | leethomas@example.org            | 2025-06-22   |      96843 | Romantic Paris Getaway
 Tyler Nunez          | lindseybautista@example.org      | 2025-06-22   |     187008 | Romantic Paris Getaway
 Alice Jones          | smithjoel@example.org            | 2025-06-21   |     385486 | Romantic Paris Getaway
 Andrea Charles       | william25@example.net            | 2025-06-21   |     347603 | Romantic Paris Getaway
 Janice Stanley       | seanpadilla@example.org          | 2025-06-21   |     236979 | Romantic Paris Getaway
 Joseph Anderson      | atkinsmichael@example.com        | 2025-06-21   |     377069 | Romantic Paris Getaway
 Joshua Gomez         | antonio89@example.org            | 2025-06-21   |     356314 | Romantic Paris Getaway
 Karen Cisneros       | ecrawford@example.net            | 2025-06-21   |     196209 | Romantic Paris Getaway
 Mary Johnson         | gregoryortiz@example.org         | 2025-06-21   |     279627 | Romantic Paris Getaway
 Matthew Webster      | christopherhaynes@example.net    | 2025-06-21   |     180237 | Romantic Paris Getaway
 Nicholas Charles     | suzannereese@example.net         | 2025-06-21   |     246074 | Romantic Paris Getaway
 Sharon Molina        | stephen35@example.net            | 2025-06-21   |      93063 | Romantic Paris Getaway
 Sherri Parks         | elizabethcharles@example.org     | 2025-06-21   |     380526 | Romantic Paris Getaway
 Tracy Best           | ginaferguson@example.com         | 2025-06-21   |     244116 | Romantic Paris Getaway
 Andrew Taylor        | carlosstephens@example.org       | 2025-06-20   |      27496 | Romantic Paris Getaway
 Angie Johnson        | gzimmerman@example.org           | 2025-06-20   |     213413 | Romantic Paris Getaway
 Brenda Merritt       | david59@example.org              | 2025-06-20   |     150620 | Romantic Paris Getaway
 Brittney Fletcher    | gwalsh@example.net               | 2025-06-20   |      97625 | Romantic Paris Getaway
 Denise Rodriguez     | elizabeth30@example.com          | 2025-06-20   |     337464 | Romantic Paris Getaway
 Isabel Wyatt         | dbentley@example.com             | 2025-06-20   |     166399 | Romantic Paris Getaway
 Joel Rose            | hacevedo@example.com             | 2025-06-20   |     399344 | Romantic Paris Getaway
 Joseph Hooper        | hshepherd@example.com            | 2025-06-20   |     294131 | Romantic Paris Getaway
 Michelle Smith       | wwilliams@example.com            | 2025-06-20   |     146747 | Romantic Paris Getaway
 Ms. Sherry Barnes    | urandolph@example.net            | 2025-06-20   |     279017 | Romantic Paris Getaway
 William Howard       | ericwright@example.com           | 2025-06-20   |     141549 | Romantic Paris Getaway
 Amanda Daniels       | brandy58@example.net             | 2025-06-19   |     314524 | Romantic Paris Getaway
 Andrea Simon         | william19@example.net            | 2025-06-19   |     104823 | Romantic Paris Getaway
 Andrew Perry         | james59@example.org              | 2025-06-19   |     338651 | Romantic Paris Getaway
 Deborah Cochran      | amandareid@example.net           | 2025-06-19   |     276810 | Romantic Paris Getaway
 Kristy Moore         | edwardking@example.com           | 2025-06-19   |     372886 | Romantic Paris Getaway
 Lisa Freeman         | juliemurphy@example.net          | 2025-06-19   |      46145 | Romantic Paris Getaway
 Lisa Robles          | tgreer@example.com               | 2025-06-19   |     107241 | Romantic Paris Getaway
 Marcus Sparks        | ivargas@example.org              | 2025-06-19   |     398560 | Romantic Paris Getaway
 Michael Fisher       | christophercoleman@example.com   | 2025-06-19   |     128149 | Romantic Paris Getaway
 Michelle Hodges      | phayes@example.net               | 2025-06-19   |      59385 | Romantic Paris Getaway
 Mrs. Amanda Cobb     | daniel70@example.com             | 2025-06-19   |     177789 | Romantic Paris Getaway
 Sean Morris          | callahanangela@example.org       | 2025-06-19   |     344913 | Romantic Paris Getaway
 Taylor Little        | miketorres@example.com           | 2025-06-19   |     140127 | Romantic Paris Getaway
 Ashley Martin        | ythomas@example.org              | 2025-06-18   |      90847 | Romantic Paris Getaway
 Christopher Brown    | john10@example.net               | 2025-06-18   |     186919 | Romantic Paris Getaway
 Daniel Walker        | mark62@example.com               | 2025-06-18   |      82955 | Romantic Paris Getaway
 Edward Phillips      | brandonhunt@example.com          | 2025-06-18   |      87265 | Romantic Paris Getaway
 Amy Hardy            | dsmith@example.com               | 2025-06-17   |     294074 | Romantic Paris Getaway
 Angel Turner         | zjackson@example.org             | 2025-06-17   |     139266 | Romantic Paris Getaway
 Carrie Walters       | mjensen@example.net              | 2025-06-17   |       7654 | Romantic Paris Getaway
 Charlene Burnett     | rhonda78@example.net             | 2025-06-17   |     156173 | Romantic Paris Getaway
 Diana Barron         | daviddelgado@example.com         | 2025-06-17   |     390066 | Romantic Paris Getaway
 Jessica Pineda       | bowmanlaura@example.net          | 2025-06-17   |     140670 | Romantic Paris Getaway
 Jonathan Baker       | kpollard@example.net             | 2025-06-17   |       9068 | Romantic Paris Getaway
 Lisa Sherman         | uwashington@example.org          | 2025-06-17   |     356463 | Romantic Paris Getaway
 Mark Burke           | wrightrobert@example.org         | 2025-06-17   |      55694 | Romantic Paris Getaway
 Stephanie Stewart    | shawnchurch@example.org          | 2025-06-17   |      99977 | Romantic Paris Getaway
 Aaron Chapman        | amyallen@example.org             | 2025-06-16   |     278153 | Romantic Paris Getaway
 Chad Bates           | crawfordraymond@example.com      | 2025-06-16   |     150246 | Romantic Paris Getaway
 Hayden Brown         | joseph97@example.org             | 2025-06-16   |      96710 | Romantic Paris Getaway
 Jacqueline Andrews   | zphillips@example.com            | 2025-06-16   |      66039 | Romantic Paris Getaway
 John Evans           | sherrysullivan@example.net       | 2025-06-16   |     145372 | Romantic Paris Getaway
 Kathleen Horn        | marywright@example.net           | 2025-06-16   |     382043 | Romantic Paris Getaway
 Michael Davis        | jessicapatrick@example.com       | 2025-06-16   |     328276 | Romantic Paris Getaway
 Oscar Russo          | coxjames@example.com             | 2025-06-16   |     328745 | Romantic Paris Getaway
 Stephanie Hudson     | michael77@example.com            | 2025-06-16   |     359047 | Romantic Paris Getaway
 William Meza         | robbinsgloria@example.net        | 2025-06-16   |     345131 | Romantic Paris Getaway
 Daniel Stewart       | theresakennedy@example.org       | 2025-06-15   |     165999 | Romantic Paris Getaway
 Eric Cruz            | williamsdonald@example.net       | 2025-06-15   |      57139 | Romantic Paris Getaway
 Henry Molina         | hendersonkeith@example.com       | 2025-06-15   |     110975 | Romantic Paris Getaway
 Lisa Morris          | nicholas47@example.net           | 2025-06-15   |     238611 | Romantic Paris Getaway
 Mr. Michael Lopez    | juan76@example.net               | 2025-06-15   |     324718 | Romantic Paris Getaway
 Nancy Ward           | kdavis@example.org               | 2025-06-15   |     152704 | Romantic Paris Getaway
 Sandra Hughes        | andrew11@example.net             | 2025-06-15   |      41160 | Romantic Paris Getaway
 Scott White          | norristracey@example.com         | 2025-06-15   |     348569 | Romantic Paris Getaway
 Tiffany Watkins      | qdougherty@example.net           | 2025-06-15   |     196078 | Romantic Paris Getaway
 Barbara Peters       | markmiller@example.com           | 2025-06-14   |     127587 | Romantic Paris Getaway
 James Smith          | cnichols@example.com             | 2025-06-14   |     257795 | Romantic Paris Getaway
 Joseph Davis         | wagnercharles@example.com        | 2025-06-14   |     390558 | Romantic Paris Getaway
 Julia Hanson         | bonniecombs@example.com          | 2025-06-14   |     102218 | Romantic Paris Getaway
 Lisa Hill            | garzaedward@example.com          | 2025-06-14   |     341412 | Romantic Paris Getaway
 Mark Ho              | kelseygonzalez@example.net       | 2025-06-14   |     142455 | Romantic Paris Getaway
 Michael Cunningham   | simmonstracy@example.org         | 2025-06-14   |     375561 | Romantic Paris Getaway
 Mitchell Ford        | rcannon@example.net              | 2025-06-14   |     279458 | Romantic Paris Getaway
 Steve Ortiz          | catherine97@example.org          | 2025-06-14   |      99813 | Romantic Paris Getaway
 Christina Williams   | obarnes@example.org              | 2025-06-13   |     194685 | Romantic Paris Getaway
 Crystal Horne        | michael07@example.com            | 2025-06-13   |     138062 | Romantic Paris Getaway
 Dr. Matthew Robinson | bonillalindsay@example.com       | 2025-06-13   |     203692 | Romantic Paris Getaway
 Jessica Owen         | scott46@example.net              | 2025-06-13   |     308496 | Romantic Paris Getaway
 Justin Williams      | david11@example.org              | 2025-06-13   |      24955 | Romantic Paris Getaway
 Lance Jones          | nancylittle@example.org          | 2025-06-13   |     271492 | Romantic Paris Getaway
 Lori Stout           | cooleyamber@example.org          | 2025-06-13   |      44041 | Romantic Paris Getaway
 Mrs. Crystal Sanchez | michaela21@example.net           | 2025-06-13   |     247355 | Romantic Paris Getaway
 Randy Miranda        | kellyhodges@example.net          | 2025-06-13   |     197425 | Romantic Paris Getaway
 Sandra Hall          | glen00@example.org               | 2025-06-13   |     187761 | Romantic Paris Getaway
 Sara Allen           | woodchristopher@example.net      | 2025-06-13   |     361722 | Romantic Paris Getaway
 Sydney Anderson      | frederick46@example.com          | 2025-06-13   |     135564 | Romantic Paris Getaway
 Timothy Hood         | stephaniebailey@example.org      | 2025-06-13   |     316065 | Romantic Paris Getaway
 Whitney Smith        | psmith@example.net               | 2025-06-13   |     304768 | Romantic Paris Getaway
 Adam Lee             | ehodge@example.net               | 2025-06-12   |     391237 | Romantic Paris Getaway
 John Clark           | fdavis@example.org               | 2025-06-12   |     391654 | Romantic Paris Getaway
 Joshua Hicks         | gonzalezleslie@example.net       | 2025-06-12   |      34690 | Romantic Paris Getaway
 Mary Wright          | pbanks@example.net               | 2025-06-12   |     102149 | Romantic Paris Getaway
 Melissa Sloan        | jim97@example.net                | 2025-06-12   |     133840 | Romantic Paris Getaway
 Michael Baker        | paulamullins@example.net         | 2025-06-12   |     322716 | Romantic Paris Getaway
 Sarah Ali            | gabrielletorres@example.com      | 2025-06-12   |     298674 | Romantic Paris Getaway
 Christopher Brown    | holly71@example.org              | 2025-06-11   |      83785 | Romantic Paris Getaway
 Corey Campbell       | mayleslie@example.org            | 2025-06-11   |     234070 | Romantic Paris Getaway
 Jessica Terry        | cheryl07@example.net             | 2025-06-11   |      59222 | Romantic Paris Getaway
 Joel Ferguson        | reedzachary@example.net          | 2025-06-11   |     152253 | Romantic Paris Getaway
 Meghan Vazquez       | maryklein@example.com            | 2025-06-11   |      49179 | Romantic Paris Getaway
 Michelle Anderson    | rhodesjoshua@example.com         | 2025-06-11   |      76495 | Romantic Paris Getaway
 Stephanie Becker     | oconnellkatelyn@example.com      | 2025-06-11   |     299138 | Romantic Paris Getaway
 Steven Robinson      | cynthiacox@example.org           | 2025-06-11   |     395062 | Romantic Paris Getaway
 Angel Bryant         | tiffanyschmidt@example.net       | 2025-06-10   |     206830 | Romantic Paris Getaway
 Gregory Welch        | sthomas@example.com              | 2025-06-10   |      80689 | Romantic Paris Getaway
 Sabrina Garcia       | jamesheath@example.com           | 2025-06-10   |     344977 | Romantic Paris Getaway
 Victoria Lucas       | robert03@example.net             | 2025-06-10   |     371532 | Romantic Paris Getaway
 Zachary Turner       | amanda95@example.org             | 2025-06-10   |     110182 | Romantic Paris Getaway
 Abigail Gomez        | eprince@example.com              | 2025-06-09   |     323232 | Romantic Paris Getaway
 Amanda Adams         | paul39@example.com               | 2025-06-09   |     277197 | Romantic Paris Getaway
 Anita Cole           | jennifer08@example.org           | 2025-06-09   |     285182 | Romantic Paris Getaway
 Jimmy Townsend       | carolhughes@example.org          | 2025-06-09   |     182459 | Romantic Paris Getaway
 Michael Moran        | jill90@example.com               | 2025-06-09   |     112215 | Romantic Paris Getaway
 Nancy Coffey         | dunntimothy@example.org          | 2025-06-09   |     115414 | Romantic Paris Getaway
 Paula Garcia         | fieldscaleb@example.org          | 2025-06-09   |     385177 | Romantic Paris Getaway
 Robert Morales       | josephsullivan@example.org       | 2025-06-09   |     389406 | Romantic Paris Getaway
 Robert Newman        | tcook@example.net                | 2025-06-09   |     281053 | Romantic Paris Getaway
 Arthur Stevens       | cruzlindsey@example.org          | 2025-06-08   |     101678 | Romantic Paris Getaway
 David Williams       | rodriguezyesenia@example.org     | 2025-06-08   |     180600 | Romantic Paris Getaway
 Dwayne Maldonado     | vroth@example.org                | 2025-06-08   |     157518 | Romantic Paris Getaway
 Jeffrey Johnson      | mmacdonald@example.com           | 2025-06-08   |     227191 | Romantic Paris Getaway
 Jody Wolfe           | espinozaadam@example.com         | 2025-06-08   |     382322 | Romantic Paris Getaway
 Katie Lara           | murillobrian@example.com         | 2025-06-08   |     352068 | Romantic Paris Getaway
 Kirk Wagner          | julieroberts@example.net         | 2025-06-08   |      85580 | Romantic Paris Getaway
 Sheryl Pacheco       | anna40@example.org               | 2025-06-08   |     227302 | Romantic Paris Getaway
 Allison Nguyen       | jacobcampbell@example.org        | 2025-06-07   |     289566 | Romantic Paris Getaway
 Ashley Collins       | vroberson@example.net            | 2025-06-07   |      48220 | Romantic Paris Getaway
 Bradley Brown        | tbrown@example.com               | 2025-06-07   |     163852 | Romantic Paris Getaway
 Charles Jefferson    | sbrown@example.net               | 2025-06-07   |     262092 | Romantic Paris Getaway
 Elizabeth Cook       | scottjonathan@example.org        | 2025-06-07   |      27172 | Romantic Paris Getaway
 Erica Moreno         | sean85@example.org               | 2025-06-07   |     338457 | Romantic Paris Getaway
 Jamie Chang          | timothypreston@example.net       | 2025-06-07   |     397440 | Romantic Paris Getaway
 Janet Lewis          | yboyd@example.com                | 2025-06-07   |     225031 | Romantic Paris Getaway
 Jermaine Dunlap      | qhale@example.net                | 2025-06-07   |     264394 | Romantic Paris Getaway
 Jesse Riggs          | adamdean@example.com             | 2025-06-07   |     217686 | Romantic Paris Getaway
 Jim Sanders          | nguyensabrina@example.com        | 2025-06-07   |     352145 | Romantic Paris Getaway
 Jonathan Soto        | vpeterson@example.org            | 2025-06-07   |     259113 | Romantic Paris Getaway
 Kathryn Kramer       | emilyfreeman@example.org         | 2025-06-07   |      62836 | Romantic Paris Getaway
 Larry Baker          | nicholasthompson@example.com     | 2025-06-07   |      86709 | Romantic Paris Getaway
 Peter Atkins         | ronalddouglas@example.com        | 2025-06-07   |     282156 | Romantic Paris Getaway
 Angela Walsh         | angelacross@example.com          | 2025-06-06   |     156624 | Romantic Paris Getaway
 Carol Stein          | kayladickson@example.com         | 2025-06-06   |      80480 | Romantic Paris Getaway
 Chad Mccann DDS      | matthew54@example.org            | 2025-06-06   |     219537 | Romantic Paris Getaway
 Cody Schmitt         | osborntonya@example.org          | 2025-06-06   |     118148 | Romantic Paris Getaway
 Dale Shaffer         | ychambers@example.net            | 2025-06-06   |     390263 | Romantic Paris Getaway
 Dean Pierce          | helenmoore@example.org           | 2025-06-06   |     156899 | Romantic Paris Getaway
 Gene Ortega          | jesus24@example.net              | 2025-06-06   |     308495 | Romantic Paris Getaway
 James Vazquez        | jamessnyder@example.net          | 2025-06-06   |     255207 | Romantic Paris Getaway
 Mary Campbell        | carmen42@example.com             | 2025-06-06   |     279390 | Romantic Paris Getaway
 Mary Munoz           | donaldbaker@example.org          | 2025-06-06   |      29326 | Romantic Paris Getaway
 Nathan Brown         | combskevin@example.org           | 2025-06-06   |     370550 | Romantic Paris Getaway
 Nicole Taylor        | phillip32@example.com            | 2025-06-06   |     377978 | Romantic Paris Getaway
 Tanya Carroll        | griffintiffany@example.com       | 2025-06-06   |     137986 | Romantic Paris Getaway
 Tiffany Hoffman      | vanessajohnson@example.com       | 2025-06-06   |      52255 | Romantic Paris Getaway
 William Gibson       | louissutton@example.net          | 2025-06-06   |     142396 | Romantic Paris Getaway
 Amanda Gilbert       | hillaustin@example.com           | 2025-06-05   |     365915 | Romantic Paris Getaway
 Carol Manning        | jasonmarks@example.org           | 2025-06-05   |     261786 | Romantic Paris Getaway
 Cindy Stephenson     | brownjason@example.net           | 2025-06-05   |     266437 | Romantic Paris Getaway
 Daniel Soto          | iyoung@example.com               | 2025-06-05   |      42417 | Romantic Paris Getaway
 Deborah Taylor       | ramoschristopher@example.org     | 2025-06-05   |     107843 | Romantic Paris Getaway
 Dr. Carol Osborne    | david75@example.org              | 2025-06-05   |     348501 | Romantic Paris Getaway
 Gerald Cabrera       | kacevedo@example.net             | 2025-06-05   |     200163 | Romantic Paris Getaway
 John Hurst           | daniel46@example.org             | 2025-06-05   |     217288 | Romantic Paris Getaway
 Laura Cline          | kathleenrobinson@example.com     | 2025-06-05   |     288425 | Romantic Paris Getaway
 Melissa Taylor       | ylopez@example.net               | 2025-06-05   |     166761 | Romantic Paris Getaway
 Richard Hanna        | lopezshane@example.net           | 2025-06-05   |     129612 | Romantic Paris Getaway
 Russell Hill         | katherinelyons@example.net       | 2025-06-05   |     399277 | Romantic Paris Getaway
 Trevor Charles       | heatherrivas@example.org         | 2025-06-05   |     297677 | Romantic Paris Getaway
 Alicia Martin        | fowlerjeff@example.net           | 2025-06-04   |      36210 | Romantic Paris Getaway
 Alicia Thomas        | jason67@example.org              | 2025-06-04   |     351908 | Romantic Paris Getaway
 Carla Macdonald      | zacharyyoung@example.org         | 2025-06-04   |     120930 | Romantic Paris Getaway
 Jason Bright         | marie35@example.org              | 2025-06-04   |     102358 | Romantic Paris Getaway
 Kathleen Miller      | fbrown@example.org               | 2025-06-04   |     128121 | Romantic Paris Getaway
 Leslie Watson        | nreynolds@example.org            | 2025-06-04   |     182371 | Romantic Paris Getaway
 Mark Reyes           | peternovak@example.org           | 2025-06-04   |     296392 | Romantic Paris Getaway
 Mark Tucker          | waltonmichael@example.net        | 2025-06-04   |     239797 | Romantic Paris Getaway
 Melanie Cook         | pbenjamin@example.org            | 2025-06-04   |     188335 | Romantic Paris Getaway
 Michael Flores       | debbiebaker@example.org          | 2025-06-04   |     384891 | Romantic Paris Getaway
 Mitchell Vargas      | rodriguezamy@example.org         | 2025-06-04   |      87137 | Romantic Paris Getaway
 Todd Smith           | vmack@example.net                | 2025-06-04   |     313779 | Romantic Paris Getaway
 Vincent Wilson       | mhall@example.org                | 2025-06-04   |     279193 | Romantic Paris Getaway
 Aaron Hicks          | lfriedman@example.net            | 2025-06-03   |      76894 | Romantic Paris Getaway
 Alison Pennington    | chelseaowens@example.net         | 2025-06-03   |      43464 | Romantic Paris Getaway
 Jennifer Warner      | uhall@example.org                | 2025-06-03   |     152868 | Romantic Paris Getaway
 Kayla Brown          | jaimeproctor@example.com         | 2025-06-03   |     301237 | Romantic Paris Getaway
 Luke Kline           | monicarobinson@example.com       | 2025-06-03   |      33074 | Romantic Paris Getaway
 Richard Becker       | cestrada@example.org             | 2025-06-03   |     238293 | Romantic Paris Getaway
 Scott Walter         | ievans@example.net               | 2025-06-03   |     252482 | Romantic Paris Getaway
 Alexander Jones      | hernandezfrank@example.com       | 2025-06-02   |     338414 | Romantic Paris Getaway
 Amy Tucker           | fbates@example.org               | 2025-06-02   |      35266 | Romantic Paris Getaway
 Dominic Kane         | gordonjennifer@example.net       | 2025-06-02   |     282516 | Romantic Paris Getaway
 Dustin Sanchez       | david04@example.org              | 2025-06-02   |      46459 | Romantic Paris Getaway
 James Moore          | karadawson@example.net           | 2025-06-02   |     317335 | Romantic Paris Getaway
 John Hart            | fostervanessa@example.net        | 2025-06-02   |      27241 | Romantic Paris Getaway
 Julia Williams       | benjamin09@example.com           | 2025-06-02   |     222652 | Romantic Paris Getaway
 Katie Smith          | nelsonjoseph@example.net         | 2025-06-02   |      23680 | Romantic Paris Getaway
 Matthew Burton Jr.   | kendrafritz@example.net          | 2025-06-02   |     334662 | Romantic Paris Getaway
 Megan Turner         | pclark@example.com               | 2025-06-02   |     237937 | Romantic Paris Getaway
 Michael Nunez        | carterstephanie@example.com      | 2025-06-02   |     378308 | Romantic Paris Getaway
 Mr. Gabriel Long     | dmiller@example.com              | 2025-06-02   |     238412 | Romantic Paris Getaway
 Timothy Watson       | christinedavis@example.org       | 2025-06-02   |      49261 | Romantic Paris Getaway
 Briana Wallace       | santiagobruce@example.com        | 2025-06-01   |     240956 | Romantic Paris Getaway
 Claudia Thompson     | sarataylor@example.com           | 2025-06-01   |     272042 | Romantic Paris Getaway
 Donald Huynh         | sierra33@example.com             | 2025-06-01   |     178339 | Romantic Paris Getaway
 Eric Hunter          | uriley@example.org               | 2025-06-01   |     115970 | Romantic Paris Getaway
 Kelsey Reynolds      | thompsonmichael@example.net      | 2025-06-01   |      39918 | Romantic Paris Getaway
 Lisa Bridges         | wrobinson@example.org            | 2025-06-01   |     345202 | Romantic Paris Getaway
 Taylor Robertson     | jennifer61@example.com           | 2025-06-01   |     278396 | Romantic Paris Getaway
 Taylor Robinson      | leelaura@example.net             | 2025-06-01   |      24431 | Romantic Paris Getaway
 Wayne Hill           | kmitchell@example.org            | 2025-06-01   |     106721 | Romantic Paris Getaway
 Amber Carlson        | coryespinoza@example.net         | 2025-05-31   |     176495 | Romantic Paris Getaway
 Brandon Smith        | ravenholt@example.net            | 2025-05-31   |      98074 | Romantic Paris Getaway
 Brian Lee            | kathleen39@example.com           | 2025-05-31   |     147529 | Romantic Paris Getaway
 Elizabeth Jones      | beverlymitchell@example.com      | 2025-05-31   |     309540 | Romantic Paris Getaway
 Eric Edwards         | cruzbenjamin@example.com         | 2025-05-31   |     396222 | Romantic Paris Getaway
 Joseph Willis        | stefaniemartinez@example.com     | 2025-05-31   |     175392 | Romantic Paris Getaway
 Kelly Hodges         | yhebert@example.com              | 2025-05-31   |     183484 | Romantic Paris Getaway
 Sabrina Harrison     | stanleygarcia@example.org        | 2025-05-31   |      27091 | Romantic Paris Getaway
 Tonya Daniels        | lori45@example.com               | 2025-05-31   |     208246 | Romantic Paris Getaway
 Andrew Marks         | wroberts@example.com             | 2025-05-30   |      73328 | Romantic Paris Getaway
 Deborah Collier      | tiffanystanley@example.org       | 2025-05-30   |     370264 | Romantic Paris Getaway
 Geoffrey Flores      | brandirivera@example.net         | 2025-05-30   |     347353 | Romantic Paris Getaway
 Heather Ellison      | popeeric@example.com             | 2025-05-30   |      28959 | Romantic Paris Getaway
 Kelly Bryan          | franklinsamantha@example.net     | 2025-05-30   |     345055 | Romantic Paris Getaway
 Robert Brown         | jameswesley@example.com          | 2025-05-30   |       4619 | Romantic Paris Getaway
 Benjamin Allen       | erikawarren@example.com          | 2025-05-29   |      74289 | Romantic Paris Getaway
 Caleb Payne          | michael85@example.net            | 2025-05-29   |     126300 | Romantic Paris Getaway
 Charles Holt         | sdickson@example.com             | 2025-05-29   |     382881 | Romantic Paris Getaway
 Dr. Anthony Larson   | susanberry@example.org           | 2025-05-29   |     248739 | Romantic Paris Getaway
 Gregory Hoffman      | carterhannah@example.org         | 2025-05-29   |     399052 | Romantic Paris Getaway
 Joseph Alvarez       | matthew08@example.com            | 2025-05-29   |     321785 | Romantic Paris Getaway
 Kevin Novak          | amandahampton@example.com        | 2025-05-29   |     377073 | Romantic Paris Getaway
 Michael Bryant       | ilopez@example.com               | 2025-05-29   |      42652 | Romantic Paris Getaway
 Priscilla Lopez      | adamskristin@example.net         | 2025-05-29   |      88985 | Romantic Paris Getaway
 Randy Hall MD        | danielle76@example.com           | 2025-05-29   |     229791 | Romantic Paris Getaway
 Tim Smith            | kylecole@example.org             | 2025-05-29   |     265084 | Romantic Paris Getaway
 Veronica Kelly       | millerdaniel@example.com         | 2025-05-29   |     118863 | Romantic Paris Getaway
 Zachary Lawson       | yhuff@example.org                | 2025-05-29   |     116955 | Romantic Paris Getaway
 Angela Collins       | uflowers@example.com             | 2025-05-28   |     160082 | Romantic Paris Getaway
 Anita Moore          | bscott@example.com               | 2025-05-28   |     374885 | Romantic Paris Getaway
 Dakota Davis         | ashley85@example.net             | 2025-05-28   |      60053 | Romantic Paris Getaway
 Edward Mason         | oyoung@example.org               | 2025-05-28   |     197061 | Romantic Paris Getaway
 Gregory Burton       | carol78@example.org              | 2025-05-28   |      35781 | Romantic Paris Getaway
 Jeanne Richardson    | pmorse@example.org               | 2025-05-28   |     347148 | Romantic Paris Getaway
 Kristin Donovan MD   | christophercobb@example.com      | 2025-05-28   |      56437 | Romantic Paris Getaway
 Sherry Choi DDS      | zjames@example.org               | 2025-05-28   |      34975 | Romantic Paris Getaway
 Stephen Sanders      | rwood@example.org                | 2025-05-28   |     130446 | Romantic Paris Getaway
 Valerie Day          | qberry@example.net               | 2025-05-28   |     166436 | Romantic Paris Getaway
 Allison Woods        | vguzman@example.net              | 2025-05-27   |     293840 | Romantic Paris Getaway
 Amanda Barnett       | gileskatie@example.net           | 2025-05-27   |     118977 | Romantic Paris Getaway
 Brittany Ali         | bakermaria@example.com           | 2025-05-27   |       2164 | Romantic Paris Getaway
 Christopher Smith    | johnsonkyle@example.com          | 2025-05-27   |     289536 | Romantic Paris Getaway
 Gabriel Hamilton     | samuelbrown@example.net          | 2025-05-27   |     263848 | Romantic Paris Getaway
 Jordan Browning      | harveynicole@example.com         | 2025-05-27   |     187035 | Romantic Paris Getaway
 Joshua Cantu         | cvillegas@example.org            | 2025-05-27   |     381071 | Romantic Paris Getaway
 Lee Baker            | fitzgeraldgina@example.org       | 2025-05-27   |     280698 | Romantic Paris Getaway
 Linda Gutierrez      | shermanraymond@example.net       | 2025-05-27   |     113924 | Romantic Paris Getaway
 Mark Warner          | timothy07@example.com            | 2025-05-27   |     131975 | Romantic Paris Getaway
 Raymond Wade         | bakersteve@example.org           | 2025-05-27   |      47777 | Romantic Paris Getaway
 Ryan Vazquez         | traceylee@example.org            | 2025-05-27   |     143967 | Romantic Paris Getaway
 Shawn Sandoval       | dominique84@example.org          | 2025-05-27   |     389004 | Romantic Paris Getaway
 Tara Adams           | glennward@example.com            | 2025-05-27   |     319106 | Romantic Paris Getaway
 Bradley Sherman      | sforbes@example.com              | 2025-05-26   |     162574 | Romantic Paris Getaway
 Justin Bowman        | tmelendez@example.org            | 2025-05-26   |     309156 | Romantic Paris Getaway
 Mary Massey          | petersmorgan@example.org         | 2025-05-26   |     306267 | Romantic Paris Getaway
 Michael Dennis       | qhurley@example.org              | 2025-05-26   |     139277 | Romantic Paris Getaway
 Peter Franklin       | zhoward@example.com              | 2025-05-26   |     247854 | Romantic Paris Getaway
 Rachael Gibson       | jeffreyperkins@example.org       | 2025-05-26   |     333735 | Romantic Paris Getaway
 Rebecca Schaefer     | rickymorales@example.com         | 2025-05-26   |     188547 | Romantic Paris Getaway
 Caleb King           | alan45@example.net               | 2025-05-25   |     112681 | Romantic Paris Getaway
 Chad Mccann DDS      | matthew54@example.org            | 2025-05-25   |     142679 | Romantic Paris Getaway
 Dawn Johnson         | ygoodman@example.org             | 2025-05-25   |      14671 | Romantic Paris Getaway
 Edgar Cruz           | scottjohn@example.org            | 2025-05-25   |     175945 | Romantic Paris Getaway
 James Hill           | coreybrooks@example.org          | 2025-05-25   |     242090 | Romantic Paris Getaway
 Laura Taylor         | devin92@example.org              | 2025-05-25   |     280100 | Romantic Paris Getaway
 Richard Gray         | emoore@example.com               | 2025-05-25   |     294466 | Romantic Paris Getaway
 Richard Mathews      | lhoover@example.com              | 2025-05-25   |     206555 | Romantic Paris Getaway
 Stephen Richards     | amanda76@example.com             | 2025-05-25   |      68098 | Romantic Paris Getaway
 Susan Ward           | wilsonjack@example.com           | 2025-05-25   |     213532 | Romantic Paris Getaway
 Tammy Perez          | omarrojas@example.net            | 2025-05-25   |     130684 | Romantic Paris Getaway
 Bradley Joyce        | michaelgardner@example.org       | 2025-05-24   |      72121 | Romantic Paris Getaway
 Carolyn Garza        | nlester@example.net              | 2025-05-24   |      27819 | Romantic Paris Getaway
 Crystal Martin       | tylerwagner@example.com          | 2025-05-24   |     156667 | Romantic Paris Getaway
 David Lang           | xbrown@example.com               | 2025-05-24   |     152485 | Romantic Paris Getaway
 Emily Roach          | emily62@example.com              | 2025-05-24   |     157808 | Romantic Paris Getaway
 Erin Gonzalez        | ylee@example.com                 | 2025-05-24   |     154066 | Romantic Paris Getaway
 Jacob Bailey         | dana05@example.com               | 2025-05-24   |     137517 | Romantic Paris Getaway
 John Bennett         | william25@example.org            | 2025-05-24   |     191217 | Romantic Paris Getaway
 Joseph Gordon        | bhansen@example.net              | 2025-05-24   |     201799 | Romantic Paris Getaway
 Kimberly Hughes      | vargasrichard@example.net        | 2025-05-24   |     277817 | Romantic Paris Getaway
 Casey Roberts        | jonesstephanie@example.net       | 2025-05-23   |     104431 | Romantic Paris Getaway
 Edward Nguyen        | christopher73@example.com        | 2025-05-23   |     218475 | Romantic Paris Getaway
 Gabriel Floyd        | simpsonamy@example.org           | 2025-05-23   |     341689 | Romantic Paris Getaway
 Mr. Mark Leon        | hansonjeffrey@example.net        | 2025-05-23   |     390863 | Romantic Paris Getaway
 Robin Brown          | bradleyrowland@example.org       | 2025-05-23   |      92050 | Romantic Paris Getaway
 Sarah Pineda         | samantha31@example.com           | 2025-05-23   |     133511 | Romantic Paris Getaway
 Tracey Hall          | treyes@example.net               | 2025-05-23   |      66646 | Romantic Paris Getaway
 Briana Wood          | zlopez@example.org               | 2025-05-22   |     218983 | Romantic Paris Getaway
 Dylan Pierce         | john05@example.org               | 2025-05-22   |     294231 | Romantic Paris Getaway
 Edward Johnson       | kevinjackson@example.org         | 2025-05-22   |     173482 | Romantic Paris Getaway
 Holly Woods          | nicholas71@example.com           | 2025-05-22   |     346091 | Romantic Paris Getaway
 Ivan Hess            | wrightmarcus@example.com         | 2025-05-22   |     133942 | Romantic Paris Getaway
 Keith Hunt           | melissanguyen@example.org        | 2025-05-22   |     113296 | Romantic Paris Getaway
 Michael Lewis        | eric96@example.net               | 2025-05-22   |     336809 | Romantic Paris Getaway
 Patrick Wells        | jonesjessica@example.org         | 2025-05-22   |     143192 | Romantic Paris Getaway
 Andrew Solomon       | xramirez@example.org             | 2025-05-21   |      57408 | Romantic Paris Getaway
 Caroline Johnson     | triciagallagher@example.com      | 2025-05-21   |     119274 | Romantic Paris Getaway
 Cindy Burgess        | james75@example.com              | 2025-05-21   |     149426 | Romantic Paris Getaway
 David Marquez        | nortoncarlos@example.net         | 2025-05-21   |      26672 | Romantic Paris Getaway
 Denise King          | hunterjonathan@example.net       | 2025-05-21   |     215479 | Romantic Paris Getaway
 Jason Hoffman        | hughesmichael@example.net        | 2025-05-21   |     192203 | Romantic Paris Getaway
 Johnathan Koch       | stokesamy@example.net            | 2025-05-21   |      33280 | Romantic Paris Getaway
 Joseph Smith         | matthewramirez@example.net       | 2025-05-21   |     373683 | Romantic Paris Getaway
 Katherine Hinton     | elizabethreed@example.org        | 2025-05-21   |     101718 | Romantic Paris Getaway
 Laura Terrell        | jacobsgina@example.org           | 2025-05-21   |     370682 | Romantic Paris Getaway
 Lauren Rogers        | mitchell41@example.org           | 2025-05-21   |     297632 | Romantic Paris Getaway
 Mary Perez           | emaxwell@example.net             | 2025-05-21   |      35113 | Romantic Paris Getaway
 Melissa Daugherty    | uarnold@example.com              | 2025-05-21   |     187649 | Romantic Paris Getaway
 Nicholas Johnson     | nicolemartinez@example.org       | 2025-05-21   |     202672 | Romantic Paris Getaway
 Randy Ramos          | seangonzalez@example.net         | 2025-05-21   |     374082 | Romantic Paris Getaway
 Ryan Nelson          | carpenterjane@example.com        | 2025-05-21   |     222209 | Romantic Paris Getaway
 Sara Blankenship     | jennifer74@example.net           | 2025-05-21   |     173278 | Romantic Paris Getaway
 Brian Davis          | robert19@example.com             | 2025-05-20   |     153280 | Romantic Paris Getaway
 Christopher Peterson | janet69@example.com              | 2025-05-20   |     164614 | Romantic Paris Getaway
 Donna Hudson         | cmorrow@example.org              | 2025-05-20   |     387616 | Romantic Paris Getaway
 Greg Lowe            | allen53@example.com              | 2025-05-20   |     225709 | Romantic Paris Getaway
 Lynn Brown           | ebrown@example.net               | 2025-05-20   |     336074 | Romantic Paris Getaway
 Michael Torres       | nathan36@example.org             | 2025-05-20   |     361178 | Romantic Paris Getaway
 Michael Vazquez      | andersonbenjamin@example.net     | 2025-05-20   |     175491 | Romantic Paris Getaway
 Michele Powell       | ashleyrogers@example.com         | 2025-05-20   |     264917 | Romantic Paris Getaway
 Patricia Kelly       | wjames@example.com               | 2025-05-20   |      70705 | Romantic Paris Getaway
 Patrick West         | heather37@example.net            | 2025-05-20   |     384099 | Romantic Paris Getaway
 Samantha Randolph    | ruben68@example.com              | 2025-05-20   |     252797 | Romantic Paris Getaway
 Sean Carroll         | bramsey@example.org              | 2025-05-20   |      39273 | Romantic Paris Getaway
 Shaun Ortiz          | williamsbrent@example.net        | 2025-05-20   |     315887 | Romantic Paris Getaway
 Anna Mckenzie        | hunternathaniel@example.org      | 2025-05-19   |     299931 | Romantic Paris Getaway
 Jonathan Franklin    | kurthancock@example.net          | 2025-05-19   |     130959 | Romantic Paris Getaway
 Martha King          | davischristopher@example.org     | 2025-05-19   |      13217 | Romantic Paris Getaway
 Tina Porter          | alexanderperez@example.com       | 2025-05-19   |       9651 | Romantic Paris Getaway
 Tonya Thompson       | rquinn@example.com               | 2025-05-19   |      10174 | Romantic Paris Getaway
 Bradley Brown        | vincentgaines@example.net        | 2025-05-18   |     378721 | Romantic Paris Getaway
 Candice Gardner      | lmorgan@example.com              | 2025-05-18   |     214672 | Romantic Paris Getaway
 Christopher Gray     | ohernandez@example.com           | 2025-05-18   |      62336 | Romantic Paris Getaway
 Dalton Hayes         | nguyencarol@example.org          | 2025-05-18   |     365240 | Romantic Paris Getaway
 Dr. Stacy Young MD   | kellyteresa@example.org          | 2025-05-18   |     280928 | Romantic Paris Getaway
 Eric Blair           | elizabeth83@example.org          | 2025-05-18   |     203813 | Romantic Paris Getaway
 Kathryn Maxwell      | irobertson@example.net           | 2025-05-18   |      80904 | Romantic Paris Getaway
 Kevin Carroll        | campbellmegan@example.org        | 2025-05-18   |      95110 | Romantic Paris Getaway
 Patricia Foster      | qwalker@example.com              | 2025-05-18   |     113314 | Romantic Paris Getaway
 Sylvia Rivas         | matthewparsons@example.com       | 2025-05-18   |     122758 | Romantic Paris Getaway
 Alyssa Cook          | andrewssusan@example.org         | 2025-05-17   |     360702 | Romantic Paris Getaway
 Amanda Zhang         | psmith@example.org               | 2025-05-17   |     227211 | Romantic Paris Getaway
 Anthony Love         | martin08@example.com             | 2025-05-17   |     282886 | Romantic Paris Getaway
 Carmen Cooper        | wagnermegan@example.com          | 2025-05-17   |     249102 | Romantic Paris Getaway
 Curtis Knight        | jennysheppard@example.com        | 2025-05-17   |     241982 | Romantic Paris Getaway
 David Miller         | michaelprince@example.net        | 2025-05-17   |      26109 | Romantic Paris Getaway
 Denise Baker         | sandra00@example.com             | 2025-05-17   |       7198 | Romantic Paris Getaway
 Jeremy Richard       | heatherdavis@example.net         | 2025-05-17   |     152121 | Romantic Paris Getaway
 Jessica Prince       | jon46@example.net                | 2025-05-17   |      83195 | Romantic Paris Getaway
 Katherine Montgomery | efisher@example.com              | 2025-05-17   |     115088 | Romantic Paris Getaway
 Melissa Stevens      | ginanguyen@example.com           | 2025-05-17   |     118568 | Romantic Paris Getaway
 Michael Jones        | pgray@example.com                | 2025-05-17   |     214697 | Romantic Paris Getaway
 Ryan Hogan           | elizabeth61@example.net          | 2025-05-17   |     325610 | Romantic Paris Getaway
 Shelia West          | otaylor@example.com              | 2025-05-17   |       9553 | Romantic Paris Getaway
 Tony Miller          | andersonjennifer@example.net     | 2025-05-17   |     323920 | Romantic Paris Getaway
 Amy Jones            | dayryan@example.net              | 2025-05-16   |     217245 | Romantic Paris Getaway
 Brenda Rice          | adamwilcox@example.com           | 2025-05-16   |     306917 | Romantic Paris Getaway
 Charles Carrillo     | jay85@example.org                | 2025-05-16   |     182542 | Romantic Paris Getaway
 Donna Pennington     | jessica16@example.net            | 2025-05-16   |      33248 | Romantic Paris Getaway
 Gabriel Alvarez III  | allenhayley@example.org          | 2025-05-16   |     357825 | Romantic Paris Getaway
 Jamie Tran           | vincentjeremy@example.org        | 2025-05-16   |     231132 | Romantic Paris Getaway
 Jimmy Allison        | jessicamatthews@example.com      | 2025-05-16   |     375734 | Romantic Paris Getaway
 Jorge King           | johnrosales@example.com          | 2025-05-16   |     263610 | Romantic Paris Getaway
 Mark Simon           | patricia89@example.org           | 2025-05-16   |     249901 | Romantic Paris Getaway
 Patricia Miller      | george10@example.org             | 2025-05-16   |      43538 | Romantic Paris Getaway
 Ronnie Burke         | johnanderson@example.com         | 2025-05-16   |     217781 | Romantic Paris Getaway
 Ryan Thomas          | westkristina@example.net         | 2025-05-16   |     218954 | Romantic Paris Getaway
 Scott Fisher         | vanderson@example.net            | 2025-05-16   |     357326 | Romantic Paris Getaway
 Shelly Park          | tinawhite@example.org            | 2025-05-16   |     325858 | Romantic Paris Getaway
 Susan Carrillo       | dwaynewalker@example.org         | 2025-05-16   |     107675 | Romantic Paris Getaway
 Tiffany Morris       | justinharmon@example.org         | 2025-05-16   |     167173 | Romantic Paris Getaway
 Timothy Noble        | tammy47@example.net              | 2025-05-16   |     384587 | Romantic Paris Getaway
 Andres Wright        | vhernandez@example.org           | 2025-05-15   |      81103 | Romantic Paris Getaway
 April Jackson        | hectorpatterson@example.com      | 2025-05-15   |      95991 | Romantic Paris Getaway
 Chelsea Bryant       | mccormicksherri@example.net      | 2025-05-15   |     292238 | Romantic Paris Getaway
 James Reynolds       | aaron08@example.net              | 2025-05-15   |      23507 | Romantic Paris Getaway
 Jasmine Rodriguez    | christine41@example.org          | 2025-05-15   |     118421 | Romantic Paris Getaway
 Karen Perez DVM      | kimberlypatel@example.com        | 2025-05-15   |     231160 | Romantic Paris Getaway
 Mary Manning         | simmonslori@example.org          | 2025-05-15   |     329499 | Romantic Paris Getaway
 Matthew Carter       | bparker@example.net              | 2025-05-15   |     294353 | Romantic Paris Getaway
 Sandra Baker         | qbrown@example.com               | 2025-05-15   |     219717 | Romantic Paris Getaway
 Tammy Bush           | cshaw@example.net                | 2025-05-15   |     396554 | Romantic Paris Getaway
 Angela Manning       | andersenamanda@example.com       | 2025-05-14   |     254274 | Romantic Paris Getaway
 Antonio Rivera       | nsimpson@example.net             | 2025-05-14   |     130467 | Romantic Paris Getaway
 Cassandra Smith      | mariomoreno@example.org          | 2025-05-14   |     158848 | Romantic Paris Getaway
 Heather Rogers       | mason27@example.org              | 2025-05-14   |     188552 | Romantic Paris Getaway
 Kristin Gardner      | galvanveronica@example.com       | 2025-05-14   |     202320 | Romantic Paris Getaway
 Mrs. Judith Smith    | opatterson@example.org           | 2025-05-14   |     278201 | Romantic Paris Getaway
 Sharon Stevens       | laurie82@example.com             | 2025-05-14   |      28011 | Romantic Paris Getaway
 Tyler Jones          | rgraham@example.org              | 2025-05-14   |     333987 | Romantic Paris Getaway
 Bruce Mccarthy       | milesmartha@example.com          | 2025-05-13   |     399848 | Romantic Paris Getaway
 Daniel Boyer         | robinsondawn@example.com         | 2025-05-13   |     387041 | Romantic Paris Getaway
 Donald James         | michelle81@example.org           | 2025-05-13   |     154997 | Romantic Paris Getaway
 Elizabeth Hancock    | davidmartin@example.net          | 2025-05-13   |     237704 | Romantic Paris Getaway
 Nicholas Sawyer      | wjohnson@example.org             | 2025-05-13   |     364082 | Romantic Paris Getaway
 Ricardo Cunningham   | kevin90@example.com              | 2025-05-13   |     241705 | Romantic Paris Getaway
 Stephanie Charles    | allenbenjamin@example.com        | 2025-05-13   |     103983 | Romantic Paris Getaway
 William Wilson       | bryandavis@example.org           | 2025-05-13   |      98714 | Romantic Paris Getaway
 Danielle Russell MD  | jonathanmorris@example.com       | 2025-05-12   |      98861 | Romantic Paris Getaway
 Felicia Maddox       | luke54@example.net               | 2025-05-12   |      75471 | Romantic Paris Getaway
 Jerry James          | elizabethkennedy@example.net     | 2025-05-12   |     235171 | Romantic Paris Getaway
 Kimberly Bolton      | pmiller@example.net              | 2025-05-12   |     349327 | Romantic Paris Getaway
 Lisa Lowe            | taylorteresa@example.net         | 2025-05-12   |     337680 | Romantic Paris Getaway
 Mr. Kevin Jones DDS  | chanjohn@example.net             | 2025-05-12   |     141188 | Romantic Paris Getaway
 Rebecca Taylor       | nancyjones@example.com           | 2025-05-12   |     306563 | Romantic Paris Getaway
 Susan Frank          | williselizabeth@example.net      | 2025-05-12   |     298651 | Romantic Paris Getaway
 Terry Henderson      | vklein@example.org               | 2025-05-12   |     127022 | Romantic Paris Getaway
 Xavier Stevens       | sara75@example.org               | 2025-05-12   |     109435 | Romantic Paris Getaway
 Cynthia Walls        | longnicholas@example.com         | 2025-05-11   |     249360 | Romantic Paris Getaway
 Dana Hoffman         | shannoncollins@example.org       | 2025-05-11   |     232885 | Romantic Paris Getaway
 David Torres         | justinsmith@example.net          | 2025-05-11   |       9125 | Romantic Paris Getaway
 Dennis Martin        | browland@example.net             | 2025-05-11   |      21109 | Romantic Paris Getaway
 Eric Wright          | dkeller@example.com              | 2025-05-11   |     368207 | Romantic Paris Getaway
 Erica Woodward       | michelle34@example.com           | 2025-05-11   |      41815 | Romantic Paris Getaway
 Jon Gregory          | don60@example.com                | 2025-05-11   |     261447 | Romantic Paris Getaway
 Matthew Brown        | william95@example.com            | 2025-05-11   |     334492 | Romantic Paris Getaway
 Rebecca Reynolds     | amanda93@example.net             | 2025-05-11   |      34647 | Romantic Paris Getaway
 Samuel Lynn          | dcoleman@example.net             | 2025-05-11   |      79748 | Romantic Paris Getaway
 Sandra Sims          | grodriguez@example.net           | 2025-05-11   |      15716 | Romantic Paris Getaway
 Shelby Stephenson    | william24@example.net            | 2025-05-11   |     163107 | Romantic Paris Getaway
 Steven Lee           | medwards@example.net             | 2025-05-11   |     353446 | Romantic Paris Getaway
 Tracey Smith         | rebeccablackwell@example.net     | 2025-05-11   |     255427 | Romantic Paris Getaway
 Donna Phillips       | wayne63@example.org              | 2025-05-10   |     167841 | Romantic Paris Getaway
 Evelyn Marshall      | amber27@example.net              | 2025-05-10   |     311022 | Romantic Paris Getaway
 Jasmin Brown         | william50@example.com            | 2025-05-10   |      94192 | Romantic Paris Getaway
 Kimberly Moreno      | connor85@example.com             | 2025-05-10   |     230538 | Romantic Paris Getaway
 Louis Atkinson       | johnwalker@example.org           | 2025-05-10   |     267115 | Romantic Paris Getaway
 Melissa Potter       | wcastaneda@example.com           | 2025-05-10   |     346015 | Romantic Paris Getaway
 David Kennedy        | phillipsdavid@example.net        | 2025-05-09   |     308358 | Romantic Paris Getaway
 Donna Barajas        | andreaharvey@example.net         | 2025-05-09   |     369996 | Romantic Paris Getaway
 Jeanette Walker      | tuckeralexander@example.org      | 2025-05-09   |     155535 | Romantic Paris Getaway
 Jessica Green        | eharris@example.org              | 2025-05-09   |     152790 | Romantic Paris Getaway
 Julie Eaton          | gonzalezmelissa@example.com      | 2025-05-09   |      10349 | Romantic Paris Getaway
 Keith Pruitt         | jgonzalez@example.org            | 2025-05-09   |     115203 | Romantic Paris Getaway
 Kevin Hoffman        | mevans@example.net               | 2025-05-09   |      55619 | Romantic Paris Getaway
 Melissa Green        | drichards@example.net            | 2025-05-09   |     330728 | Romantic Paris Getaway
 Renee James          | tklein@example.org               | 2025-05-09   |     326977 | Romantic Paris Getaway
 Roy Smith            | catherinehunt@example.net        | 2025-05-09   |     365841 | Romantic Paris Getaway
 Susan Thompson       | betty97@example.org              | 2025-05-09   |     396164 | Romantic Paris Getaway
 Brianna Wheeler      | daniel04@example.org             | 2025-05-08   |      92586 | Romantic Paris Getaway
 Cody Weaver          | peter47@example.net              | 2025-05-08   |     143291 | Romantic Paris Getaway
 Frank Hammond        | fjones@example.org               | 2025-05-08   |     265294 | Romantic Paris Getaway
 Manuel Smith         | mary55@example.net               | 2025-05-08   |     269662 | Romantic Paris Getaway
 Paula Phillips       | tiffanyortega@example.com        | 2025-05-08   |     354725 | Romantic Paris Getaway
 Rose Wilkerson       | mparker@example.com              | 2025-05-08   |     379830 | Romantic Paris Getaway
 Sabrina Johnson      | tiffany29@example.net            | 2025-05-08   |      14003 | Romantic Paris Getaway
 Chelsea Scott        | icox@example.com                 | 2025-05-07   |     357126 | Romantic Paris Getaway
 Christina Parks      | heather00@example.net            | 2025-05-07   |      39385 | Romantic Paris Getaway
 Christopher Wiggins  | stephen16@example.net            | 2025-05-07   |     324494 | Romantic Paris Getaway
 David Day            | abigail39@example.org            | 2025-05-07   |      95443 | Romantic Paris Getaway
 Jason Nelson         | danielmorrow@example.com         | 2025-05-07   |     275788 | Romantic Paris Getaway
 John Crawford        | martinevelyn@example.com         | 2025-05-07   |      52284 | Romantic Paris Getaway
 John Mcfarland       | carloshenson@example.com         | 2025-05-07   |      32513 | Romantic Paris Getaway
 Julie Martin         | myoung@example.com               | 2025-05-07   |     350291 | Romantic Paris Getaway
 Kathleen Kim         | villarrealtimothy@example.net    | 2025-05-07   |     151209 | Romantic Paris Getaway
 Kathleen Valdez      | john09@example.org               | 2025-05-07   |     125805 | Romantic Paris Getaway
 Kevin Lewis          | dchavez@example.net              | 2025-05-07   |      28898 | Romantic Paris Getaway
 Tyler Deleon         | msimpson@example.com             | 2025-05-07   |      48105 | Romantic Paris Getaway
 Christina Powell     | gibsonjulia@example.com          | 2025-05-06   |       8609 | Romantic Paris Getaway
 Danielle Flores      | ethomas@example.org              | 2025-05-06   |     379373 | Romantic Paris Getaway
 James Duncan         | davidewing@example.org           | 2025-05-06   |     318853 | Romantic Paris Getaway
 Scott Brock          | mary07@example.net               | 2025-05-06   |     118923 | Romantic Paris Getaway
 Scott Evans          | jennifer50@example.org           | 2025-05-06   |      50017 | Romantic Paris Getaway
 Shawn Walls          | heather06@example.net            | 2025-05-06   |     242331 | Romantic Paris Getaway
 Sydney Jennings      | nicolefranco@example.com         | 2025-05-06   |     156650 | Romantic Paris Getaway
 Timothy Rose         | zmanning@example.org             | 2025-05-06   |     189056 | Romantic Paris Getaway
 Angelica Reed        | dmartinez@example.com            | 2025-05-05   |     203305 | Romantic Paris Getaway
 April Pope           | marykeith@example.com            | 2025-05-05   |     119537 | Romantic Paris Getaway
 Cynthia Romero       | smallmark@example.com            | 2025-05-05   |      87113 | Romantic Paris Getaway
 James Williams       | ricky49@example.com              | 2025-05-05   |     297705 | Romantic Paris Getaway
 John Alvarado        | ashleycampbell@example.com       | 2025-05-05   |      63571 | Romantic Paris Getaway
 Lori Perez MD        | autumn74@example.org             | 2025-05-05   |     364966 | Romantic Paris Getaway
 Mrs. Sara Davila     | rodney55@example.com             | 2025-05-05   |     343593 | Romantic Paris Getaway
 Ronald Walsh Jr.     | josephespinoza@example.net       | 2025-05-05   |     286183 | Romantic Paris Getaway
 Russell Yu           | westeileen@example.com           | 2025-05-05   |     352750 | Romantic Paris Getaway
 Scott Wood           | mbarnett@example.com             | 2025-05-05   |     338929 | Romantic Paris Getaway
 Sean Barrett         | austinscott@example.net          | 2025-05-05   |     167663 | Romantic Paris Getaway
 Steven Allen         | zellis@example.org               | 2025-05-05   |     182676 | Romantic Paris Getaway
 Steven Brennan       | warnersara@example.org           | 2025-05-05   |     230050 | Romantic Paris Getaway
 Timothy Thompson     | mphillips@example.net            | 2025-05-05   |     198915 | Romantic Paris Getaway
 William Cain         | nperez@example.org               | 2025-05-05   |     358734 | Romantic Paris Getaway
 William Davis        | kellysamantha@example.net        | 2025-05-05   |     178284 | Romantic Paris Getaway
 Anthony Hoover       | barbarabauer@example.org         | 2025-05-04   |     337484 | Romantic Paris Getaway
 Elizabeth Hoffman    | dana27@example.org               | 2025-05-04   |     379616 | Romantic Paris Getaway
 Frank Shah           | alexandria81@example.org         | 2025-05-04   |     116041 | Romantic Paris Getaway
 Gary Walker          | npotts@example.net               | 2025-05-04   |     224403 | Romantic Paris Getaway
 Jose Schneider DDS   | oharris@example.net              | 2025-05-04   |     134374 | Romantic Paris Getaway
 Juan Garcia          | rochacristian@example.net        | 2025-05-04   |     299712 | Romantic Paris Getaway
 Mary Walton          | larryhopkins@example.com         | 2025-05-04   |       5251 | Romantic Paris Getaway
 Carrie Bean          | lewisashley@example.org          | 2025-05-03   |     251609 | Romantic Paris Getaway
 Jessica Banks        | pateldavid@example.net           | 2025-05-03   |     161685 | Romantic Paris Getaway
 Julie Meyer          | travisgregory@example.net        | 2025-05-03   |      41667 | Romantic Paris Getaway
 Laura Rodriguez      | bonniebailey@example.com         | 2025-05-03   |     178017 | Romantic Paris Getaway
 Matthew Kim          | rhull@example.org                | 2025-05-03   |      82494 | Romantic Paris Getaway
 Nathan Jenkins       | schmidtkyle@example.org          | 2025-05-03   |      94533 | Romantic Paris Getaway
 Richard Mckinney     | dwilliams@example.com            | 2025-05-03   |     306207 | Romantic Paris Getaway
 Robert Boyle         | silvamelissa@example.org         | 2025-05-03   |     375379 | Romantic Paris Getaway
 Sara Cortez          | ljones@example.com               | 2025-05-03   |      28908 | Romantic Paris Getaway
 Sarah Harrison       | dwalton@example.com              | 2025-05-03   |     175079 | Romantic Paris Getaway
 Sarah Nguyen         | elainemorgan@example.net         | 2025-05-03   |     348268 | Romantic Paris Getaway
 Casey Sheppard       | timothy89@example.org            | 2025-05-02   |      79226 | Romantic Paris Getaway
 Gerald Miller        | jjohnson@example.com             | 2025-05-02   |     304541 | Romantic Paris Getaway
 John Jones           | erin06@example.com               | 2025-05-02   |     327552 | Romantic Paris Getaway
 Kathryn Mayo         | michael20@example.org            | 2025-05-02   |      99402 | Romantic Paris Getaway
 Melissa Foley        | hartmanrebecca@example.org       | 2025-05-02   |     308402 | Romantic Paris Getaway
 Robert White         | wsanchez@example.org             | 2025-05-02   |     114662 | Romantic Paris Getaway
 Brandi Wood          | robert98@example.org             | 2025-05-01   |     189747 | Romantic Paris Getaway
 Bruce Cook           | barneskelly@example.net          | 2025-05-01   |     383093 | Romantic Paris Getaway
 Crystal Anderson     | marc81@example.net               | 2025-05-01   |      86529 | Romantic Paris Getaway
 Cynthia Parks        | zdean@example.org                | 2025-05-01   |      77604 | Romantic Paris Getaway
 Logan Walker         | lopezbenjamin@example.org        | 2025-05-01   |     356933 | Romantic Paris Getaway
 Micheal Lee          | josephshaw@example.com           | 2025-05-01   |       4853 | Romantic Paris Getaway
 Randall Anderson     | brownjanice@example.net          | 2025-05-01   |     263869 | Romantic Paris Getaway
 Shannon Blackwell    | reillykathleen@example.net       | 2025-05-01   |     114964 | Romantic Paris Getaway
 Tara Pearson DDS     | marcus18@example.com             | 2025-05-01   |     254791 | Romantic Paris Getaway
 Vicki Obrien         | hfreeman@example.com             | 2025-05-01   |      97867 | Romantic Paris Getaway
 Amber Cameron        | umelendez@example.net            | 2025-04-30   |     200552 | Romantic Paris Getaway
 David Gates          | yreeves@example.com              | 2025-04-30   |     227781 | Romantic Paris Getaway
 Edward Wood MD       | sadams@example.com               | 2025-04-30   |     240004 | Romantic Paris Getaway
 Jeffery Norris       | michaelrios@example.net          | 2025-04-30   |     275302 | Romantic Paris Getaway
 Michelle White       | promero@example.com              | 2025-04-30   |     339601 | Romantic Paris Getaway
 Theresa Villa        | allison82@example.com            | 2025-04-30   |     391566 | Romantic Paris Getaway
 Yvette Perry         | victordavis@example.net          | 2025-04-30   |     275938 | Romantic Paris Getaway
 Amanda Carpenter     | vickiemata@example.com           | 2025-04-29   |     129889 | Romantic Paris Getaway
 Amber Nguyen         | laura30@example.net              | 2025-04-29   |     354407 | Romantic Paris Getaway
 Christopher Guzman   | elizabeth61@example.com          | 2025-04-29   |      94047 | Romantic Paris Getaway
 Darlene Taylor       | adrian60@example.org             | 2025-04-29   |      71952 | Romantic Paris Getaway
 Grace Wilcox         | poncewalter@example.com          | 2025-04-29   |        633 | Romantic Paris Getaway
 Jennifer Wilson      | brownlisa@example.com            | 2025-04-29   |       9923 | Romantic Paris Getaway
 Lawrence Evans       | kalexander@example.net           | 2025-04-29   |      59759 | Romantic Paris Getaway
 Mary Morgan          | dennismitchell@example.org       | 2025-04-29   |      38026 | Romantic Paris Getaway
 Mrs. Jill Reynolds   | joshua88@example.net             | 2025-04-29   |     125525 | Romantic Paris Getaway
 Paul Pineda          | rebecca64@example.net            | 2025-04-29   |       3880 | Romantic Paris Getaway
 Timothy Klein        | jared64@example.net              | 2025-04-29   |     137368 | Romantic Paris Getaway
 Tina Neal            | timothyanderson@example.net      | 2025-04-29   |     210181 | Romantic Paris Getaway
 Cheyenne Richardson  | trussell@example.net             | 2025-04-28   |     250309 | Romantic Paris Getaway
 Darlene Hudson       | duncananthony@example.com        | 2025-04-28   |      30519 | Romantic Paris Getaway
 Dylan Hubbard        | jessica02@example.net            | 2025-04-28   |     396387 | Romantic Paris Getaway
 Jacob Taylor         | james83@example.com              | 2025-04-28   |      67019 | Romantic Paris Getaway
 Jacqueline Brown     | jordandelgado@example.net        | 2025-04-28   |     139091 | Romantic Paris Getaway
 Jennifer Simmons     | jodi19@example.org               | 2025-04-28   |     260718 | Romantic Paris Getaway
 Jerry Eaton          | deborah38@example.org            | 2025-04-28   |     169886 | Romantic Paris Getaway
 John Klein           | plewis@example.com               | 2025-04-28   |     250800 | Romantic Paris Getaway
 Justin Sutton        | hillana@example.org              | 2025-04-28   |      90557 | Romantic Paris Getaway
 Robin Barron         | thill@example.org                | 2025-04-28   |     307712 | Romantic Paris Getaway
 Vicki Pena           | christopher02@example.org        | 2025-04-28   |     169776 | Romantic Paris Getaway
 William Diaz         | icolon@example.net               | 2025-04-28   |      30631 | Romantic Paris Getaway
 Beverly Harper       | brownsteve@example.net           | 2025-04-27   |     143605 | Romantic Paris Getaway
 David Marquez        | nortoncarlos@example.net         | 2025-04-27   |     199549 | Romantic Paris Getaway
 Diamond Hernandez    | janice74@example.org             | 2025-04-27   |     240922 | Romantic Paris Getaway
 Diane Burch          | vmoreno@example.org              | 2025-04-27   |     383177 | Romantic Paris Getaway
 Eddie Morse          | sharon94@example.org             | 2025-04-27   |     199515 | Romantic Paris Getaway
 James Robinson MD    | sturner@example.com              | 2025-04-27   |     277302 | Romantic Paris Getaway
 Kristen Morrow       | daughertymichael@example.org     | 2025-04-27   |     314760 | Romantic Paris Getaway
 Lawrence Bryant      | taylorjasmine@example.net        | 2025-04-27   |      19963 | Romantic Paris Getaway
 Leslie Smith         | jamesgreen@example.org           | 2025-04-27   |      11214 | Romantic Paris Getaway
 Mark Delgado         | youngamy@example.org             | 2025-04-27   |     179364 | Romantic Paris Getaway
 Matthew Montoya      | joseph51@example.com             | 2025-04-27   |      23971 | Romantic Paris Getaway
 Mr. Nathan Brown     | joshua64@example.org             | 2025-04-27   |      81991 | Romantic Paris Getaway
 Ronnie Campos        | burgesskimberly@example.org      | 2025-04-27   |      45352 | Romantic Paris Getaway
 Andrea Hartman       | hnguyen@example.com              | 2025-04-26   |      31162 | Romantic Paris Getaway
 Ashley Christensen   | lellis@example.net               | 2025-04-26   |      26347 | Romantic Paris Getaway
 Frederick Atkinson   | timothythomas@example.org        | 2025-04-26   |     143036 | Romantic Paris Getaway
 Jacqueline Wright    | annhoward@example.org            | 2025-04-26   |      13385 | Romantic Paris Getaway
 Jason Lopez          | amy52@example.com                | 2025-04-26   |     141006 | Romantic Paris Getaway
 David Thomas         | david21@example.com              | 2025-04-25   |     232012 | Romantic Paris Getaway
 Diane Pollard        | moodychristopher@example.org     | 2025-04-25   |      91284 | Romantic Paris Getaway
 Joel Jones           | johnsnyder@example.org           | 2025-04-25   |     392636 | Romantic Paris Getaway
 Jordan Turner        | robertsmith@example.net          | 2025-04-25   |     174831 | Romantic Paris Getaway
 Jose Reid            | amyanderson@example.org          | 2025-04-25   |     398581 | Romantic Paris Getaway
 Alison Rios          | marybest@example.com             | 2025-04-24   |     281710 | Romantic Paris Getaway
 Amanda Hoffman       | nhowell@example.net              | 2025-04-24   |     168874 | Romantic Paris Getaway
 Derek Davenport      | zbrooks@example.com              | 2025-04-24   |     259802 | Romantic Paris Getaway
 Jennifer Melendez    | donaldsonamy@example.net         | 2025-04-24   |     357351 | Romantic Paris Getaway
 Jennifer Pennington  | ihansen@example.org              | 2025-04-24   |     110541 | Romantic Paris Getaway
 Katherine Montgomery | efisher@example.com              | 2025-04-24   |     279713 | Romantic Paris Getaway
 Linda Jensen         | abennett@example.net             | 2025-04-24   |     254482 | Romantic Paris Getaway
 Nicholas Velasquez   | holmesjerry@example.net          | 2025-04-24   |     196525 | Romantic Paris Getaway
 Angelica Cohen       | ijenkins@example.org             | 2025-04-23   |     287844 | Romantic Paris Getaway
 Brian Rivera         | wlopez@example.com               | 2025-04-23   |     193018 | Romantic Paris Getaway
 Caleb Lang           | andersonkeith@example.org        | 2025-04-23   |     111178 | Romantic Paris Getaway
 Charlene Davis       | michellecampbell@example.org     | 2025-04-23   |        177 | Romantic Paris Getaway
 Derek Bishop         | jessicabridges@example.org       | 2025-04-23   |      46973 | Romantic Paris Getaway
 Justin Gregory       | patricia76@example.com           | 2025-04-23   |     337364 | Romantic Paris Getaway
 Kathy Fields         | elizabethmoore@example.com       | 2025-04-23   |      37205 | Romantic Paris Getaway
 Kyle Grant           | williamstara@example.com         | 2025-04-23   |      22847 | Romantic Paris Getaway
 Michelle Weaver      | sarahbarton@example.net          | 2025-04-23   |     171338 | Romantic Paris Getaway
 Olivia Mcgee         | angelica08@example.net           | 2025-04-23   |     193145 | Romantic Paris Getaway
 Rebecca Torres       | hebertphillip@example.net        | 2025-04-23   |     219701 | Romantic Paris Getaway
 Roger Coleman        | dustin42@example.net             | 2025-04-23   |     115961 | Romantic Paris Getaway
 Sharon Ponce         | bbailey@example.com              | 2025-04-23   |     219622 | Romantic Paris Getaway
 Taylor Becker        | jeffreymcclain@example.com       | 2025-04-23   |     103364 | Romantic Paris Getaway
 Adam Mcpherson       | yhawkins@example.net             | 2025-04-22   |     136618 | Romantic Paris Getaway
 Amanda Howell        | zimmermankimberly@example.net    | 2025-04-22   |     273322 | Romantic Paris Getaway
 Carrie Smith         | milleramber@example.net          | 2025-04-22   |     366041 | Romantic Paris Getaway
 Cathy Holloway       | jriggs@example.com               | 2025-04-22   |     147640 | Romantic Paris Getaway
 Christopher Wade     | qproctor@example.com             | 2025-04-22   |      64969 | Romantic Paris Getaway
 Cynthia Rice         | gregory92@example.com            | 2025-04-22   |     257230 | Romantic Paris Getaway
 Heather Davis        | ashley45@example.com             | 2025-04-22   |      45655 | Romantic Paris Getaway
 Jason Cook           | ymcdaniel@example.org            | 2025-04-22   |     165110 | Romantic Paris Getaway
 Lori Miller          | saraharvey@example.net           | 2025-04-22   |     253430 | Romantic Paris Getaway
 Melissa Cisneros     | teresa08@example.net             | 2025-04-22   |     183967 | Romantic Paris Getaway
 Michelle Wood        | martinmaria@example.com          | 2025-04-22   |     279097 | Romantic Paris Getaway
 Miss Barbara Bennett | smithdalton@example.net          | 2025-04-22   |     110856 | Romantic Paris Getaway
 Robert Haney         | robertallen@example.com          | 2025-04-22   |      54069 | Romantic Paris Getaway
 Sheryl Clark         | danielpratt@example.com          | 2025-04-22   |     169588 | Romantic Paris Getaway
 Trevor Wilkins       | juan46@example.com               | 2025-04-22   |     305024 | Romantic Paris Getaway
 Amber Kline          | kristen76@example.com            | 2025-04-21   |      29777 | Romantic Paris Getaway
 Donald Duncan        | alexanderconway@example.net      | 2025-04-21   |     289379 | Romantic Paris Getaway
 Emily Brown          | connie84@example.org             | 2025-04-21   |     165893 | Romantic Paris Getaway
 Eric Martin          | duanejensen@example.com          | 2025-04-21   |     296079 | Romantic Paris Getaway
 Melanie Myers        | christopher37@example.com        | 2025-04-21   |     340633 | Romantic Paris Getaway
 Sandra Cisneros      | coxangela@example.org            | 2025-04-21   |     378111 | Romantic Paris Getaway
 William Mccarthy     | jonathanolson@example.net        | 2025-04-21   |     352916 | Romantic Paris Getaway
 Adam Jones           | elizabeth00@example.org          | 2025-04-20   |     176923 | Romantic Paris Getaway
 Andre Baker          | stephaniebullock@example.org     | 2025-04-20   |     283636 | Romantic Paris Getaway
 Andrew Meadows       | dyoung@example.com               | 2025-04-20   |      34816 | Romantic Paris Getaway
 Julia Davis          | adamswayne@example.com           | 2025-04-20   |     313931 | Romantic Paris Getaway
 Justin Barton        | gobrien@example.net              | 2025-04-20   |     243615 | Romantic Paris Getaway
 Justin Fernandez     | gforbes@example.com              | 2025-04-20   |      66888 | Romantic Paris Getaway
 Melissa Evans        | ashlee30@example.org             | 2025-04-20   |     346317 | Romantic Paris Getaway
 Natasha Montgomery   | bateschristopher@example.com     | 2025-04-20   |     119913 | Romantic Paris Getaway
 Noah Morris          | virginia13@example.com           | 2025-04-20   |     163010 | Romantic Paris Getaway
 Tonya English        | cassandra69@example.net          | 2025-04-20   |     225481 | Romantic Paris Getaway
 Amy Preston          | hayesamy@example.com             | 2025-04-19   |     135094 | Romantic Paris Getaway
 Heather Rodgers      | amber71@example.com              | 2025-04-19   |     232807 | Romantic Paris Getaway
 Mary Singleton       | manningandrew@example.com        | 2025-04-19   |     336979 | Romantic Paris Getaway
 Nicole Lewis         | alisonclayton@example.com        | 2025-04-19   |      85044 | Romantic Paris Getaway
 Sandra Haynes        | littlejoseph@example.net         | 2025-04-19   |       3515 | Romantic Paris Getaway
 Tom Sanders          | jeffreybaker@example.org         | 2025-04-19   |     209928 | Romantic Paris Getaway
 Amy Watson           | mhenderson@example.net           | 2025-04-18   |     289434 | Romantic Paris Getaway
 Andrew Powell        | sonya77@example.org              | 2025-04-18   |     363947 | Romantic Paris Getaway
 Darren Williams      | kristina36@example.org           | 2025-04-18   |     146877 | Romantic Paris Getaway
 Jessica Thornton     | tom30@example.com                | 2025-04-18   |     219239 | Romantic Paris Getaway
 Jordan Brown         | alyssajenkins@example.com        | 2025-04-18   |     151735 | Romantic Paris Getaway
 Nicole Lane          | marco96@example.com              | 2025-04-18   |     232863 | Romantic Paris Getaway
 Randall Jackson      | lcain@example.com                | 2025-04-18   |      11999 | Romantic Paris Getaway
 Robert King          | victoria57@example.org           | 2025-04-18   |      84293 | Romantic Paris Getaway
 Robin Grant          | ymacdonald@example.net           | 2025-04-18   |     376111 | Romantic Paris Getaway
 Scott Griffin        | fdavis@example.com               | 2025-04-18   |     321991 | Romantic Paris Getaway
 Steven Bauer         | melendezmelissa@example.com      | 2025-04-18   |      40791 | Romantic Paris Getaway
 Vanessa Jacobs       | lorievans@example.org            | 2025-04-18   |     266205 | Romantic Paris Getaway
 Zachary Jones        | andersonedward@example.org       | 2025-04-18   |     211733 | Romantic Paris Getaway
 Jesse Lindsey        | melissa28@example.net            | 2025-04-17   |     205840 | Romantic Paris Getaway
 Matthew Herrera      | sean49@example.net               | 2025-04-17   |     359455 | Romantic Paris Getaway
 Micheal Munoz        | schneiderashley@example.net      | 2025-04-17   |     289738 | Romantic Paris Getaway
 Omar Perkins         | thomashernandez@example.net      | 2025-04-17   |     260634 | Romantic Paris Getaway
 Richard Ward         | joseph56@example.net             | 2025-04-17   |      85724 | Romantic Paris Getaway
 Robert Rodriguez     | miguel62@example.com             | 2025-04-17   |      38673 | Romantic Paris Getaway
 Travis Grimes        | shanemartinez@example.org        | 2025-04-17   |     398806 | Romantic Paris Getaway
 Victoria Fritz       | josecarter@example.org           | 2025-04-17   |      95759 | Romantic Paris Getaway
 Jeremy Ayala         | molly31@example.net              | 2025-04-16   |     174503 | Romantic Paris Getaway
 John Bailey          | wcarr@example.org                | 2025-04-16   |     324563 | Romantic Paris Getaway
 John Simpson         | ggalloway@example.net            | 2025-04-16   |     280580 | Romantic Paris Getaway
 Justin Wallace       | rfrederick@example.org           | 2025-04-16   |     358232 | Romantic Paris Getaway
 Thomas Meyer         | itaylor@example.com              | 2025-04-16   |     260825 | Romantic Paris Getaway
 Andrea Mcmillan      | lambertchristopher@example.com   | 2025-04-15   |      70540 | Romantic Paris Getaway
 Brittany Jones       | fgarcia@example.net              | 2025-04-15   |     303325 | Romantic Paris Getaway
 Diamond Thomas       | gordonrobin@example.org          | 2025-04-15   |      93687 | Romantic Paris Getaway
 Holly Flores         | gallowayashley@example.com       | 2025-04-15   |      38481 | Romantic Paris Getaway
 James Silva          | angelica03@example.org           | 2025-04-15   |     135323 | Romantic Paris Getaway
 Joseph Smith         | lisamcintosh@example.com         | 2025-04-15   |      62174 | Romantic Paris Getaway
 Lori Marsh           | brittany14@example.com           | 2025-04-15   |     176642 | Romantic Paris Getaway
 Timothy White        | david45@example.net              | 2025-04-15   |     146028 | Romantic Paris Getaway
 Amanda Armstrong     | benjaminlyons@example.org        | 2025-04-14   |     364404 | Romantic Paris Getaway
 Ashley Stone         | wardjulie@example.com            | 2025-04-14   |     237383 | Romantic Paris Getaway
 Brenda Vazquez       | fpetersen@example.org            | 2025-04-14   |     258612 | Romantic Paris Getaway
 Christopher Lopez    | pwilliams@example.com            | 2025-04-14   |     275554 | Romantic Paris Getaway
 Hannah Franco        | jacksonrebecca@example.com       | 2025-04-14   |      70444 | Romantic Paris Getaway
 Katie Burke          | daniel71@example.net             | 2025-04-14   |      53603 | Romantic Paris Getaway
 Kimberly Jackson     | aschwartz@example.org            | 2025-04-14   |     242727 | Romantic Paris Getaway
 Melanie Wilcox       | jeffreed@example.net             | 2025-04-14   |     167388 | Romantic Paris Getaway
 Stephanie Contreras  | james07@example.net              | 2025-04-14   |      93832 | Romantic Paris Getaway
 William Ellis        | courtneyhill@example.com         | 2025-04-14   |     384387 | Romantic Paris Getaway
 April Johnson        | brian40@example.net              | 2025-04-13   |     179382 | Romantic Paris Getaway
 Danielle Lewis       | kturner@example.org              | 2025-04-13   |     345040 | Romantic Paris Getaway
 Jillian Faulkner     | christina48@example.net          | 2025-04-13   |     230207 | Romantic Paris Getaway
 Jodi Kerr            | wdunn@example.org                | 2025-04-13   |      14466 | Romantic Paris Getaway
 Kelly Gomez          | robert38@example.net             | 2025-04-13   |      97376 | Romantic Paris Getaway
 Melissa Schneider    | nicole95@example.com             | 2025-04-13   |     225702 | Romantic Paris Getaway
 Patricia Johnson     | gjohnson@example.com             | 2025-04-13   |     286441 | Romantic Paris Getaway
 Stephanie Mason      | huberjason@example.org           | 2025-04-13   |     100858 | Romantic Paris Getaway
 Donna Green          | heathercoleman@example.com       | 2025-04-12   |     324580 | Romantic Paris Getaway
 Emily Smith          | linda78@example.com              | 2025-04-12   |     101498 | Romantic Paris Getaway
 Eric Hill            | heather46@example.org            | 2025-04-12   |     167029 | Romantic Paris Getaway
 Joshua Copeland      | howardlisa@example.com           | 2025-04-12   |     210189 | Romantic Paris Getaway
 Madison Morris       | greenryan@example.net            | 2025-04-12   |      21733 | Romantic Paris Getaway
 Nicole Meyers        | tamaramartinez@example.net       | 2025-04-12   |     155973 | Romantic Paris Getaway
 Peter Brooks         | riverajames@example.org          | 2025-04-12   |     206142 | Romantic Paris Getaway
 Rebecca Johnson      | courtney62@example.com           | 2025-04-12   |     171716 | Romantic Paris Getaway
 Alicia Smith         | patricia18@example.com           | 2025-04-11   |      80473 | Romantic Paris Getaway
 Cathy Johnson        | alex52@example.org               | 2025-04-11   |     134333 | Romantic Paris Getaway
 Frank Carter         | hamiltoneric@example.org         | 2025-04-11   |     382740 | Romantic Paris Getaway
 Jenna Glenn          | alyssafitzgerald@example.net     | 2025-04-11   |     201502 | Romantic Paris Getaway
 Jessica Moore        | paulcastro@example.org           | 2025-04-11   |     103654 | Romantic Paris Getaway
 John Allen           | whitebethany@example.com         | 2025-04-11   |     228344 | Romantic Paris Getaway
 Karen Fields         | david63@example.com              | 2025-04-11   |     225256 | Romantic Paris Getaway
 Maria Sanchez DDS    | lshaw@example.net                | 2025-04-11   |      84210 | Romantic Paris Getaway
 Matthew Burton       | chasematthew@example.net         | 2025-04-11   |     268917 | Romantic Paris Getaway
 Melissa Gibson       | kimberly39@example.net           | 2025-04-11   |     265855 | Romantic Paris Getaway
 Ricky Alexander      | pdouglas@example.org             | 2025-04-11   |      89862 | Romantic Paris Getaway
 Diana Rogers         | manuel43@example.org             | 2025-04-10   |     388615 | Romantic Paris Getaway
 Dillon Goodwin       | craigjoan@example.net            | 2025-04-10   |     196984 | Romantic Paris Getaway
 Jennifer Escobar     | andrewharper@example.org         | 2025-04-10   |     349347 | Romantic Paris Getaway
 Jennifer Garcia      | brownkatherine@example.org       | 2025-04-10   |     214420 | Romantic Paris Getaway
 Jonathan Thompson    | morgancannon@example.net         | 2025-04-10   |     254743 | Romantic Paris Getaway
 Karen Johnson        | kennethwallace@example.net       | 2025-04-10   |     379468 | Romantic Paris Getaway
 Lauren Martinez      | cervantesangela@example.net      | 2025-04-10   |     238233 | Romantic Paris Getaway
 Lisa Lucas           | washingtondouglas@example.net    | 2025-04-10   |     124706 | Romantic Paris Getaway
 Lorraine Smith       | cduarte@example.org              | 2025-04-10   |      45131 | Romantic Paris Getaway
 Martha Baxter        | ymurphy@example.net              | 2025-04-10   |     156161 | Romantic Paris Getaway
 Melissa Thompson     | valerie38@example.org            | 2025-04-10   |     350553 | Romantic Paris Getaway
 Suzanne Blair        | kellycurtis@example.net          | 2025-04-10   |      74050 | Romantic Paris Getaway
 Theresa Thomas       | rodney31@example.org             | 2025-04-10   |     279634 | Romantic Paris Getaway
 Tracy House          | harriscolleen@example.com        | 2025-04-10   |     173696 | Romantic Paris Getaway
 Troy Munoz           | sullivancheryl@example.org       | 2025-04-10   |     335493 | Romantic Paris Getaway
 Cindy Valdez         | zkeith@example.org               | 2025-04-09   |     365248 | Romantic Paris Getaway
 Julia Brown          | simmonscarlos@example.org        | 2025-04-09   |      26997 | Romantic Paris Getaway
 Michael Dawson       | brian86@example.com              | 2025-04-09   |     321596 | Romantic Paris Getaway
 Robert Brown         | gardnercaitlyn@example.net       | 2025-04-09   |     289974 | Romantic Paris Getaway
 Steven Patrick       | nicole97@example.net             | 2025-04-09   |     326443 | Romantic Paris Getaway
 David Cruz           | heather43@example.org            | 2025-04-08   |     355653 | Romantic Paris Getaway
 Jessica Garcia       | stephanierios@example.com        | 2025-04-08   |     380868 | Romantic Paris Getaway
 Jonathan Wilson      | xmartinez@example.com            | 2025-04-08   |     292845 | Romantic Paris Getaway
 Lindsay Smith        | william37@example.net            | 2025-04-08   |     307534 | Romantic Paris Getaway
 Mary Johnson         | sherryjohnson@example.net        | 2025-04-08   |      66737 | Romantic Paris Getaway
 Michael Burns        | danthony@example.net             | 2025-04-08   |     234887 | Romantic Paris Getaway
 Mr. John Williams    | chasediaz@example.net            | 2025-04-08   |      66236 | Romantic Paris Getaway
 Mrs. Sharon Hendrix  | dmcguire@example.org             | 2025-04-08   |     176194 | Romantic Paris Getaway
 Pamela Ruiz          | simonspencer@example.net         | 2025-04-08   |     292798 | Romantic Paris Getaway
 Sharon Brooks        | laura31@example.org              | 2025-04-08   |     101532 | Romantic Paris Getaway
 Victor Shepherd      | laurayoder@example.net           | 2025-04-08   |      66909 | Romantic Paris Getaway
 William Mitchell     | jamie43@example.org              | 2025-04-08   |     249869 | Romantic Paris Getaway
 Amber Sherman        | smithpatricia@example.com        | 2025-04-07   |      54283 | Romantic Paris Getaway
 Brent Jensen         | lcampbell@example.com            | 2025-04-07   |      42725 | Romantic Paris Getaway
 Julie Jensen         | deniseshields@example.org        | 2025-04-07   |     134586 | Romantic Paris Getaway
 Kathleen Chavez      | cgarrett@example.net             | 2025-04-07   |      31747 | Romantic Paris Getaway
 Kathryn Taylor       | alanvaldez@example.net           | 2025-04-07   |       1718 | Romantic Paris Getaway
 Kellie Walker        | eberry@example.com               | 2025-04-07   |      79738 | Romantic Paris Getaway
 Mark Ward            | justin77@example.org             | 2025-04-07   |     206888 | Romantic Paris Getaway
 Michael Wilson       | rogersmaria@example.net          | 2025-04-07   |       9469 | Romantic Paris Getaway
 Richard Mills        | foneill@example.net              | 2025-04-07   |     298852 | Romantic Paris Getaway
 Rodney Steele        | brobinson@example.org            | 2025-04-07   |     144256 | Romantic Paris Getaway
 Samantha Waller      | sanchezandrew@example.com        | 2025-04-07   |     261287 | Romantic Paris Getaway
 Virginia Gray        | ramirezdavid@example.com         | 2025-04-07   |     370117 | Romantic Paris Getaway
 Zachary Hutchinson   | bobby97@example.net              | 2025-04-07   |      34125 | Romantic Paris Getaway
 Catherine Jones      | deborah19@example.com            | 2025-04-06   |       9274 | Romantic Paris Getaway
 Donna Allen          | madison05@example.org            | 2025-04-06   |     238361 | Romantic Paris Getaway
 Jason Bailey         | qwilson@example.com              | 2025-04-06   |     377592 | Romantic Paris Getaway
 Jerry Long           | mckeejeffrey@example.net         | 2025-04-06   |      35241 | Romantic Paris Getaway
 Laurie Hamilton      | ksims@example.org                | 2025-04-06   |     162024 | Romantic Paris Getaway
 Mark Porter          | aguirrematthew@example.net       | 2025-04-06   |     341082 | Romantic Paris Getaway
 Martin Davis         | hcamacho@example.net             | 2025-04-06   |     183973 | Romantic Paris Getaway
 Mr. Steven Nelson    | gabriella14@example.com          | 2025-04-06   |     242906 | Romantic Paris Getaway
 Mrs. Jessica Valenci | connor53@example.org             | 2025-04-06   |     150334 | Romantic Paris Getaway
 Rebekah Smith        | marshalljames@example.org        | 2025-04-06   |     271155 | Romantic Paris Getaway
 Wendy Smith          | lholden@example.org              | 2025-04-06   |     323779 | Romantic Paris Getaway
 Charles Lewis        | chapmancrystal@example.com       | 2025-04-05   |     288519 | Romantic Paris Getaway
 Laura Henderson      | ericagibson@example.org          | 2025-04-05   |     398935 | Romantic Paris Getaway
 Maria Rivera         | joy48@example.com                | 2025-04-05   |     157678 | Romantic Paris Getaway
 Mrs. Sarah Morgan    | bennettkevin@example.org         | 2025-04-05   |     156973 | Romantic Paris Getaway
 Patricia Kline       | hernandezjustin@example.com      | 2025-04-05   |     156078 | Romantic Paris Getaway
 Paul Bennett         | wardchad@example.org             | 2025-04-05   |     186935 | Romantic Paris Getaway
 Samuel Reed          | grantlaura@example.org           | 2025-04-05   |     254402 | Romantic Paris Getaway
 Bryan Flores         | susanstanley@example.net         | 2025-04-04   |     291431 | Romantic Paris Getaway
 Edward Warren        | jeremysnyder@example.net         | 2025-04-04   |     350356 | Romantic Paris Getaway
 Joseph Brown         | zimmermandiana@example.net       | 2025-04-04   |     100009 | Romantic Paris Getaway
 Julia Anderson       | qperez@example.com               | 2025-04-04   |     359772 | Romantic Paris Getaway
 Katie Schultz        | amy92@example.org                | 2025-04-04   |     249816 | Romantic Paris Getaway
 Kevin Johnson        | marymartin@example.com           | 2025-04-04   |     194042 | Romantic Paris Getaway
 Mercedes Blankenship | jennifer99@example.net           | 2025-04-04   |     222527 | Romantic Paris Getaway
 Michael Simmons      | jonweaver@example.com            | 2025-04-04   |     102554 | Romantic Paris Getaway
 Nicholas Rivera      | david27@example.net              | 2025-04-04   |     290752 | Romantic Paris Getaway
 Patrick Snyder       | kingangela@example.org           | 2025-04-04   |     348799 | Romantic Paris Getaway
 Ryan Best            | phughes@example.com              | 2025-04-04   |     246875 | Romantic Paris Getaway
 Tara Villegas        | robertpreston@example.org        | 2025-04-04   |       1208 | Romantic Paris Getaway
 Amy Nguyen           | michael30@example.com            | 2025-04-03   |     164550 | Romantic Paris Getaway
 Diana Marshall       | brentbullock@example.net         | 2025-04-03   |     276382 | Romantic Paris Getaway
 Joseph Ross          | jacksonmichaela@example.net      | 2025-04-03   |     130471 | Romantic Paris Getaway
 Michelle Kramer      | cmunoz@example.org               | 2025-04-03   |     109139 | Romantic Paris Getaway
 Paul Rojas           | jwalker@example.com              | 2025-04-03   |      68230 | Romantic Paris Getaway
 Paul Rojas           | benjaminwalker@example.org       | 2025-04-03   |     313488 | Romantic Paris Getaway
 Regina Webb          | tracie66@example.org             | 2025-04-03   |     232852 | Romantic Paris Getaway
 Stacy Nguyen         | emilyrush@example.net            | 2025-04-03   |     374978 | Romantic Paris Getaway
 Stephanie Johnson    | jjones@example.org               | 2025-04-03   |      24115 | Romantic Paris Getaway
 Amanda Jones         | greercathy@example.com           | 2025-04-02   |      20678 | Romantic Paris Getaway
 Calvin Kelly         | nking@example.org                | 2025-04-02   |     210437 | Romantic Paris Getaway
 Cynthia Walker       | osmith@example.org               | 2025-04-02   |     109819 | Romantic Paris Getaway
 Jeffrey Garza        | bvilla@example.org               | 2025-04-02   |     204529 | Romantic Paris Getaway
 John Coleman         | victoria36@example.net           | 2025-04-02   |      28578 | Romantic Paris Getaway
 Jordan Glenn         | jonathanwalker@example.net       | 2025-04-02   |      82469 | Romantic Paris Getaway
 Paula Mendoza        | rickydougherty@example.net       | 2025-04-02   |     382831 | Romantic Paris Getaway
 Tammy Wheeler        | zdudley@example.com              | 2025-04-02   |     151423 | Romantic Paris Getaway
 Tiffany Ortega       | nicole17@example.org             | 2025-04-02   |     223274 | Romantic Paris Getaway
 Anthony Delacruz     | martinolivia@example.com         | 2025-04-01   |      42458 | Romantic Paris Getaway
 Emily Benson         | jamesfritz@example.org           | 2025-04-01   |      30250 | Romantic Paris Getaway
 Kim Anderson         | mark77@example.com               | 2025-04-01   |      76402 | Romantic Paris Getaway
 Krista Perry         | rebecca57@example.net            | 2025-04-01   |     123479 | Romantic Paris Getaway
 Kristen Case         | kimberly51@example.org           | 2025-04-01   |     385487 | Romantic Paris Getaway
 Mark Bradley         | turnerjoshua@example.org         | 2025-04-01   |     316184 | Romantic Paris Getaway
 Rachel Schroeder     | susanyoung@example.net           | 2025-04-01   |      37425 | Romantic Paris Getaway
 Shannon Moore        | ghudson@example.net              | 2025-04-01   |     283701 | Romantic Paris Getaway
 Steven Gutierrez     | james37@example.org              | 2025-04-01   |     205208 | Romantic Paris Getaway
 Tammy Smith          | wadams@example.org               | 2025-04-01   |     145715 | Romantic Paris Getaway
 William Crawford     | eddieschroeder@example.com       | 2025-04-01   |      45832 | Romantic Paris Getaway
 Cassidy Smith        | stevenortiz@example.com          | 2025-03-31   |     261110 | Romantic Paris Getaway
 Charles Green        | kristina59@example.net           | 2025-03-31   |      35866 | Romantic Paris Getaway
 Chelsea Gray         | osalinas@example.org             | 2025-03-31   |      52419 | Romantic Paris Getaway
 Duane Gardner        | shafferjenna@example.com         | 2025-03-31   |     248750 | Romantic Paris Getaway
 Heather Martin       | regina95@example.net             | 2025-03-31   |      35842 | Romantic Paris Getaway
 Justin Clark         | rebeccacastillo@example.org      | 2025-03-31   |     163077 | Romantic Paris Getaway
 Laurie Davis         | melissa22@example.com            | 2025-03-31   |      82462 | Romantic Paris Getaway
 Mark Morgan          | christopher96@example.net        | 2025-03-31   |     331276 | Romantic Paris Getaway
 Michael Alvarez      | qgarcia@example.net              | 2025-03-31   |     151371 | Romantic Paris Getaway
 Michael Weber        | dhatfield@example.org            | 2025-03-31   |     314173 | Romantic Paris Getaway
 Sherry Santiago      | pbyrd@example.com                | 2025-03-31   |     210942 | Romantic Paris Getaway
 Stephanie Wilson     | yhorton@example.com              | 2025-03-31   |     331145 | Romantic Paris Getaway
 Xavier Larson        | whitneystokes@example.net        | 2025-03-31   |      60685 | Romantic Paris Getaway
 Angela Hill          | pmeyers@example.org              | 2025-03-30   |      38332 | Romantic Paris Getaway
 Dr. Ashley Graham Ph | smurphy@example.net              | 2025-03-30   |     196688 | Romantic Paris Getaway
 Jennifer Reynolds    | averykathleen@example.net        | 2025-03-30   |     278696 | Romantic Paris Getaway
 Karen Ramos          | donnaperez@example.net           | 2025-03-30   |      50367 | Romantic Paris Getaway
 Matthew Marsh        | johnny26@example.net             | 2025-03-30   |     206860 | Romantic Paris Getaway
 Michelle Watson      | hernandezmary@example.com        | 2025-03-30   |     130288 | Romantic Paris Getaway
 Nicole Roberts       | julie69@example.org              | 2025-03-30   |     222377 | Romantic Paris Getaway
 Stephanie Clay       | greerpaul@example.com            | 2025-03-30   |     337053 | Romantic Paris Getaway
 Stephanie Stanton    | uclark@example.com               | 2025-03-30   |     363158 | Romantic Paris Getaway
 Tina Gonzalez        | fvalentine@example.net           | 2025-03-30   |     150898 | Romantic Paris Getaway
 Tina Kelley          | david74@example.org              | 2025-03-30   |     123149 | Romantic Paris Getaway
 Anna Escobar         | randolphkaren@example.org        | 2025-03-29   |     133727 | Romantic Paris Getaway
 Austin Adams         | patrickclark@example.net         | 2025-03-29   |     194909 | Romantic Paris Getaway
 Carol Hernandez      | oliverkathleen@example.org       | 2025-03-29   |     349234 | Romantic Paris Getaway
 Cynthia Mccullough   | shannon52@example.com            | 2025-03-29   |      51729 | Romantic Paris Getaway
 Kristina Ibarra      | bbell@example.net                | 2025-03-29   |     293352 | Romantic Paris Getaway
 Peggy Watson         | michaelbrown@example.com         | 2025-03-29   |     384956 | Romantic Paris Getaway
 Regina Wilkins       | jonathanrivera@example.net       | 2025-03-29   |     195139 | Romantic Paris Getaway
 Roger Hampton        | joycescott@example.com           | 2025-03-29   |       9062 | Romantic Paris Getaway
 Timothy Sutton       | kimberlyclayton@example.net      | 2025-03-29   |     179378 | Romantic Paris Getaway
 Timothy Tran         | trios@example.com                | 2025-03-29   |     374370 | Romantic Paris Getaway
 Tonya Wood           | kgraham@example.org              | 2025-03-29   |     226613 | Romantic Paris Getaway
 Abigail White        | emilyparsons@example.net         | 2025-03-28   |      32820 | Romantic Paris Getaway
 Caleb Martin         | deanlopez@example.org            | 2025-03-28   |       8454 | Romantic Paris Getaway
 Chris Long           | umartinez@example.net            | 2025-03-28   |     398634 | Romantic Paris Getaway
 George Harris        | hamiltongregory@example.com      | 2025-03-28   |     352316 | Romantic Paris Getaway
 James Sanchez        | jessicanguyen@example.org        | 2025-03-28   |     225586 | Romantic Paris Getaway
 Jessica Coffey       | wcollins@example.org             | 2025-03-28   |     276296 | Romantic Paris Getaway
 Karen Foster         | crawfordjesse@example.org        | 2025-03-28   |      97246 | Romantic Paris Getaway
 Kristi Brown         | smithtiffany@example.org         | 2025-03-28   |     229805 | Romantic Paris Getaway
 Madison Vincent      | qcopeland@example.net            | 2025-03-28   |     336459 | Romantic Paris Getaway
 Maria Davis          | ryanmccullough@example.net       | 2025-03-28   |     171237 | Romantic Paris Getaway
 Nancy Oconnell       | drichards@example.org            | 2025-03-28   |     358628 | Romantic Paris Getaway
 Sabrina Young        | obryant@example.net              | 2025-03-28   |     346160 | Romantic Paris Getaway
 Shawna English       | kevinwallace@example.net         | 2025-03-28   |      97661 | Romantic Paris Getaway
 Stacey Harrison      | sherry42@example.com             | 2025-03-28   |     359134 | Romantic Paris Getaway
 Vincent Walker       | wendybeck@example.net            | 2025-03-28   |      54102 | Romantic Paris Getaway
 Andrew Conway        | xwilson@example.org              | 2025-03-27   |      30056 | Romantic Paris Getaway
 Anna Morgan          | treyes@example.com               | 2025-03-27   |     308982 | Romantic Paris Getaway
 Christopher Leonard  | zunigamark@example.com           | 2025-03-27   |     132339 | Romantic Paris Getaway
 Garrett Young        | qjones@example.com               | 2025-03-27   |       7497 | Romantic Paris Getaway
 Justin Malone        | dyermary@example.com             | 2025-03-27   |      43074 | Romantic Paris Getaway
 Robert Benson        | briana61@example.com             | 2025-03-27   |     344419 | Romantic Paris Getaway
 Robert Campbell      | crystal93@example.org            | 2025-03-27   |     301230 | Romantic Paris Getaway
 Ryan Nguyen          | dwilson@example.net              | 2025-03-27   |      68263 | Romantic Paris Getaway
 Amanda Fitzgerald    | nbaxter@example.net              | 2025-03-26   |     193241 | Romantic Paris Getaway
 Brianna Perez        | ewright@example.net              | 2025-03-26   |     337471 | Romantic Paris Getaway
 Gary Jordan          | toddpadilla@example.net          | 2025-03-26   |     399421 | Romantic Paris Getaway
 Kenneth Miller       | perezsarah@example.com           | 2025-03-26   |     381780 | Romantic Paris Getaway
 Laura Clarke         | william15@example.net            | 2025-03-26   |      12157 | Romantic Paris Getaway
 Logan Nolan DDS      | hawkinskathryn@example.org       | 2025-03-26   |     378125 | Romantic Paris Getaway
 Mary Nelson          | ndrake@example.net               | 2025-03-26   |     137350 | Romantic Paris Getaway
 Pamela Wilson        | gbailey@example.net              | 2025-03-26   |      11824 | Romantic Paris Getaway
 Tanner Warren        | jody73@example.com               | 2025-03-26   |     273237 | Romantic Paris Getaway
 Wanda Mooney         | wisejames@example.net            | 2025-03-26   |     250181 | Romantic Paris Getaway
 Amanda Murphy        | griffinshirley@example.net       | 2025-03-25   |     360490 | Romantic Paris Getaway
 Benjamin Lucas       | kimberly01@example.net           | 2025-03-25   |     131320 | Romantic Paris Getaway
 Corey Morris         | ymonroe@example.com              | 2025-03-25   |      59146 | Romantic Paris Getaway
 Dean Evans           | mfletcher@example.net            | 2025-03-25   |     160846 | Romantic Paris Getaway
 Karen Rivas          | loretta07@example.org            | 2025-03-25   |      89766 | Romantic Paris Getaway
 Louis Mendoza        | samuelreynolds@example.com       | 2025-03-25   |     390299 | Romantic Paris Getaway
 Mary Rosario         | james49@example.net              | 2025-03-25   |     397769 | Romantic Paris Getaway
 Michele Smith        | lterrell@example.net             | 2025-03-25   |     398003 | Romantic Paris Getaway
 Patricia Harper      | peter94@example.net              | 2025-03-25   |     175890 | Romantic Paris Getaway
 Samantha Frank       | ocooke@example.com               | 2025-03-25   |     332598 | Romantic Paris Getaway
 Sierra Cruz          | amber83@example.net              | 2025-03-25   |     294984 | Romantic Paris Getaway
 Steven Weeks MD      | shawn03@example.net              | 2025-03-25   |     157980 | Romantic Paris Getaway
 Thomas Arnold        | ylopez@example.com               | 2025-03-25   |       2815 | Romantic Paris Getaway
 Travis Wilson        | chayes@example.net               | 2025-03-25   |       4071 | Romantic Paris Getaway
 Briana Mendoza DDS   | stephaniematthews@example.com    | 2025-03-24   |        702 | Romantic Paris Getaway
 Chelsea Davis        | gjones@example.com               | 2025-03-24   |     296174 | Romantic Paris Getaway
 Christopher Griffin  | kevinhernandez@example.com       | 2025-03-24   |     211600 | Romantic Paris Getaway
 Francisco Fleming    | amber86@example.com              | 2025-03-24   |     362113 | Romantic Paris Getaway
 Katie Benjamin       | coopertyler@example.com          | 2025-03-24   |     365667 | Romantic Paris Getaway
 Kenneth Watts        | ewhite@example.org               | 2025-03-24   |     295199 | Romantic Paris Getaway
 Mercedes Rodriguez M | kpayne@example.net               | 2025-03-24   |     399913 | Romantic Paris Getaway
 Michael Anderson     | tbradford@example.org            | 2025-03-24   |     350273 | Romantic Paris Getaway
 Samantha Brooks      | ybailey@example.org              | 2025-03-24   |     384259 | Romantic Paris Getaway
 Steven Arnold        | baileywilliam@example.org        | 2025-03-24   |     314030 | Romantic Paris Getaway
 Vanessa Fitzpatrick  | ericsmith@example.net            | 2025-03-24   |     138828 | Romantic Paris Getaway
 Walter Foster        | mortiz@example.net               | 2025-03-24   |     120588 | Romantic Paris Getaway
 Dr. Kaitlyn Horn DDS | jwilson@example.com              | 2025-03-23   |     349700 | Romantic Paris Getaway
 Isabel Johnson       | melissa65@example.com            | 2025-03-23   |      26463 | Romantic Paris Getaway
 James Levine         | melaniebest@example.net          | 2025-03-23   |     186233 | Romantic Paris Getaway
 Jennifer Anderson    | michaelgreen@example.org         | 2025-03-23   |     286542 | Romantic Paris Getaway
 Kimberly Christensen | kingtammy@example.com            | 2025-03-23   |     350069 | Romantic Paris Getaway
 Michael Powers       | xharris@example.com              | 2025-03-23   |     319684 | Romantic Paris Getaway
 Michelle Vang        | xmitchell@example.org            | 2025-03-23   |     317378 | Romantic Paris Getaway
 Sarah Smith          | joshua01@example.org             | 2025-03-23   |     217733 | Romantic Paris Getaway
 Corey Dean           | karendavidson@example.org        | 2025-03-22   |      41122 | Romantic Paris Getaway
 Jared Johnson        | petertran@example.com            | 2025-03-22   |        516 | Romantic Paris Getaway
 Jeanne Edwards       | gbuck@example.net                | 2025-03-22   |     275856 | Romantic Paris Getaway
 Lauren Richards      | josephgibbs@example.net          | 2025-03-22   |     357691 | Romantic Paris Getaway
 Terry Craig          | zachary26@example.org            | 2025-03-22   |      19506 | Romantic Paris Getaway
 William Moore        | carlosreese@example.net          | 2025-03-22   |     206333 | Romantic Paris Getaway
 Bradley Lucas        | debrasanchez@example.org         | 2025-03-21   |     155322 | Romantic Paris Getaway
 Brett Mullen         | rosedaniel@example.org           | 2025-03-21   |     360916 | Romantic Paris Getaway
 Charles Bradley      | rubioandrea@example.com          | 2025-03-21   |     369905 | Romantic Paris Getaway
 Christopher Richards | serranokevin@example.com         | 2025-03-21   |       2700 | Romantic Paris Getaway
 David Garrett        | larry08@example.com              | 2025-03-21   |      85897 | Romantic Paris Getaway
 Jeffrey Brown        | aprilsantiago@example.org        | 2025-03-21   |     148022 | Romantic Paris Getaway
 Jennifer King        | johnsonkelly@example.com         | 2025-03-21   |      60225 | Romantic Paris Getaway
 John Armstrong       | david61@example.net              | 2025-03-21   |      76313 | Romantic Paris Getaway
 Joseph Stewart       | katherine89@example.net          | 2025-03-21   |     271380 | Romantic Paris Getaway
 Linda Thomas         | richardjohnson@example.com       | 2025-03-21   |     309967 | Romantic Paris Getaway
 Marc Lewis           | joneslauren@example.com          | 2025-03-21   |     372910 | Romantic Paris Getaway
 Michael Williams     | mccarthymatthew@example.net      | 2025-03-21   |     234309 | Romantic Paris Getaway
 Richard Griffin      | andrewdavis@example.com          | 2025-03-21   |        598 | Romantic Paris Getaway
 Victor Jones         | daniellejohnson@example.com      | 2025-03-21   |     340488 | Romantic Paris Getaway
 Andre Thomas         | carterbryan@example.com          | 2025-03-20   |      31153 | Romantic Paris Getaway
 Corey Lawson         | michaeljackson@example.com       | 2025-03-20   |     204904 | Romantic Paris Getaway
 Derek Vang           | samanthamclaughlin@example.org   | 2025-03-20   |      31556 | Romantic Paris Getaway
 James Olson          | kyle75@example.net               | 2025-03-20   |     210214 | Romantic Paris Getaway
 Kathy Harrison       | stephaniejohnson@example.com     | 2025-03-20   |     391675 | Romantic Paris Getaway
 Melanie Alexander    | christina71@example.org          | 2025-03-20   |     122015 | Romantic Paris Getaway
 Mrs. Penny Levine    | phamlaura@example.com            | 2025-03-20   |     276322 | Romantic Paris Getaway
 Sandra Dyer          | brooksjessica@example.org        | 2025-03-20   |      53104 | Romantic Paris Getaway
 Aaron Hanna          | erin97@example.com               | 2025-03-19   |     364065 | Romantic Paris Getaway
 Chelsea Kirby        | alexandra81@example.org          | 2025-03-19   |     290989 | Romantic Paris Getaway
 Corey Vasquez        | nicholasduncan@example.com       | 2025-03-19   |     132393 | Romantic Paris Getaway
 Crystal Lara         | scottkelly@example.org           | 2025-03-19   |     265409 | Romantic Paris Getaway
 James Smith          | coreywatson@example.net          | 2025-03-19   |     192687 | Romantic Paris Getaway
 Jason Butler         | dlogan@example.net               | 2025-03-19   |     258076 | Romantic Paris Getaway
 Jennifer Wilson      | donna31@example.org              | 2025-03-19   |     342648 | Romantic Paris Getaway
 Jeremy Payne         | jonescynthia@example.org         | 2025-03-19   |      98139 | Romantic Paris Getaway
 Joan Suarez          | kkane@example.org                | 2025-03-19   |     376812 | Romantic Paris Getaway
 Matthew Proctor      | diazanthony@example.com          | 2025-03-19   |      92417 | Romantic Paris Getaway
 Michael Rodriguez    | duncansteven@example.net         | 2025-03-19   |      58355 | Romantic Paris Getaway
 Natalie Ramirez      | michael12@example.com            | 2025-03-19   |     129642 | Romantic Paris Getaway
 Patrick Wright       | paulclark@example.com            | 2025-03-19   |     265659 | Romantic Paris Getaway
 Rodney Oneill        | diana75@example.org              | 2025-03-19   |      54435 | Romantic Paris Getaway
 Tina Jenkins         | lopezdaniel@example.net          | 2025-03-19   |      18933 | Romantic Paris Getaway
 George Kim           | martinezsteven@example.org       | 2025-03-18   |     242149 | Romantic Paris Getaway
 John Martinez        | dvargas@example.net              | 2025-03-18   |     307200 | Romantic Paris Getaway
 Kyle Edwards         | smithdaniel@example.org          | 2025-03-18   |      43766 | Romantic Paris Getaway
 Marcus Wolfe         | urodriguez@example.net           | 2025-03-18   |     119086 | Romantic Paris Getaway
 Terry Barton         | courtney09@example.net           | 2025-03-18   |     312957 | Romantic Paris Getaway
 Tyler Baker          | kayleepittman@example.com        | 2025-03-18   |     270827 | Romantic Paris Getaway
 Carol Smith          | sandersrobert@example.com        | 2025-03-17   |     117428 | Romantic Paris Getaway
 Diana Perez          | rodriguezyvonne@example.org      | 2025-03-17   |     177296 | Romantic Paris Getaway
 Ethan Henry          | grodriguez@example.com           | 2025-03-17   |     174955 | Romantic Paris Getaway
 Gordon Johnson       | asantana@example.com             | 2025-03-17   |      33247 | Romantic Paris Getaway
 Jeremy Bryant        | annacollins@example.org          | 2025-03-17   |     209815 | Romantic Paris Getaway
 John Gray PhD        | eharris@example.com              | 2025-03-17   |      53804 | Romantic Paris Getaway
 Kelly Gonzales       | anthony28@example.com            | 2025-03-17   |     313882 | Romantic Paris Getaway
 Kenneth Mullins      | vbryant@example.net              | 2025-03-17   |     269710 | Romantic Paris Getaway
 Kevin Robinson       | eugenekent@example.com           | 2025-03-17   |     194846 | Romantic Paris Getaway
 Kimberly Taylor      | ibrewer@example.org              | 2025-03-17   |     180341 | Romantic Paris Getaway
 Lucas Hart           | victoriabutler@example.org       | 2025-03-17   |     156024 | Romantic Paris Getaway
 Scott Baker          | stevenryan@example.net           | 2025-03-17   |       3791 | Romantic Paris Getaway
 Tonya Parker         | lfranklin@example.org            | 2025-03-17   |     140723 | Romantic Paris Getaway
 William Sandoval     | nwhite@example.net               | 2025-03-17   |     242370 | Romantic Paris Getaway
 Ashley Palmer        | louisstafford@example.org        | 2025-03-16   |     213943 | Romantic Paris Getaway
 Brad Thomas          | christopher87@example.net        | 2025-03-16   |     214260 | Romantic Paris Getaway
 Desiree Gonzales     | adamsdale@example.com            | 2025-03-16   |      47730 | Romantic Paris Getaway
 Diana George         | raymond29@example.org            | 2025-03-16   |     351066 | Romantic Paris Getaway
 Douglas Hoffman      | nmay@example.com                 | 2025-03-16   |     368952 | Romantic Paris Getaway
 Jennifer Barton      | larry56@example.net              | 2025-03-16   |      34171 | Romantic Paris Getaway
 Jennifer Smith       | milesgreg@example.com            | 2025-03-16   |      85806 | Romantic Paris Getaway
 Karen Murray         | michael96@example.com            | 2025-03-16   |     188550 | Romantic Paris Getaway
 Margaret Holmes      | ljones@example.com               | 2025-03-16   |     151824 | Romantic Paris Getaway
 Mark Mendez          | kathryn69@example.org            | 2025-03-16   |     107261 | Romantic Paris Getaway
 Michael Powers       | michaelgonzalez@example.org      | 2025-03-16   |     111957 | Romantic Paris Getaway
 Terry Farmer         | manuel32@example.net             | 2025-03-16   |     119716 | Romantic Paris Getaway
 Wendy Velazquez      | wzimmerman@example.net           | 2025-03-16   |     258910 | Romantic Paris Getaway
 Amanda Williams      | kimberlymartinez@example.com     | 2025-03-15   |      29965 | Romantic Paris Getaway
 Ashley Lucero        | richardbeasley@example.com       | 2025-03-15   |     208366 | Romantic Paris Getaway
 Brittany Ellis       | diana60@example.com              | 2025-03-15   |     212511 | Romantic Paris Getaway
 Jared Brady          | lmiller@example.com              | 2025-03-15   |     230020 | Romantic Paris Getaway
 Jay Bradley          | grahammelinda@example.com        | 2025-03-15   |     178513 | Romantic Paris Getaway
 Joseph Lowe          | cynthialewis@example.org         | 2025-03-15   |     182805 | Romantic Paris Getaway
 Alicia Fuentes       | jacqueline61@example.org         | 2025-03-14   |      34319 | Romantic Paris Getaway
 Annette Lloyd        | kimberly20@example.com           | 2025-03-14   |       5270 | Romantic Paris Getaway
 Chris Acosta         | shawnwhite@example.net           | 2025-03-14   |      60577 | Romantic Paris Getaway
 Joseph Long          | michaelmccarthy@example.net      | 2025-03-14   |      45137 | Romantic Paris Getaway
 Julie Fuller         | rebeccacruz@example.org          | 2025-03-14   |      16921 | Romantic Paris Getaway
 Madison Tran         | kim78@example.org                | 2025-03-14   |     350966 | Romantic Paris Getaway
 Monica Carlson       | poconnor@example.net             | 2025-03-14   |     308907 | Romantic Paris Getaway
 Nathan Craig         | hrhodes@example.net              | 2025-03-14   |     208176 | Romantic Paris Getaway
 Theresa Carlson      | danielle75@example.net           | 2025-03-14   |     244595 | Romantic Paris Getaway
 William Pacheco      | davidpatrick@example.org         | 2025-03-14   |      70150 | Romantic Paris Getaway
 Christina Schmitt    | nwilliams@example.net            | 2025-03-13   |     287342 | Romantic Paris Getaway
 Christopher Beck     | sosakristi@example.com           | 2025-03-13   |     307127 | Romantic Paris Getaway
 Christy Sandoval     | edward56@example.net             | 2025-03-13   |       4323 | Romantic Paris Getaway
 Jerome Weber         | yjimenez@example.org             | 2025-03-13   |     253073 | Romantic Paris Getaway
 Michael Miller       | christopherjames@example.net     | 2025-03-13   |     153791 | Romantic Paris Getaway
 Rachel Logan         | kruegeramanda@example.com        | 2025-03-13   |     265397 | Romantic Paris Getaway
 Robert Stout         | wchan@example.org                | 2025-03-13   |     323616 | Romantic Paris Getaway
 Samantha Hodges      | williamspatrick@example.org      | 2025-03-13   |     199994 | Romantic Paris Getaway
 Anne Elliott         | carol34@example.net              | 2025-03-12   |      70386 | Romantic Paris Getaway
 David Hansen PhD     | smithsarah@example.net           | 2025-03-12   |     318663 | Romantic Paris Getaway
 Erik Sampson         | bmoore@example.net               | 2025-03-12   |     148875 | Romantic Paris Getaway
 Patrick Ochoa        | walterscindy@example.org         | 2025-03-12   |     358421 | Romantic Paris Getaway
 Richard Martinez     | xpatterson@example.net           | 2025-03-12   |      80242 | Romantic Paris Getaway
 Steven Velasquez     | oliverchristopher@example.net    | 2025-03-12   |     326968 | Romantic Paris Getaway
 Tammy Collins        | jacobsemily@example.net          | 2025-03-12   |     356996 | Romantic Paris Getaway
 Timothy Benton       | diaznathaniel@example.org        | 2025-03-12   |     212770 | Romantic Paris Getaway
 Trevor Frank         | matthew26@example.net            | 2025-03-12   |     107589 | Romantic Paris Getaway
 Anthony Riley        | whiteheadsarah@example.com       | 2025-03-11   |     172218 | Romantic Paris Getaway
 Brenda Potts         | millsmegan@example.org           | 2025-03-11   |     340987 | Romantic Paris Getaway
 Chelsea Lynch        | jennifermorgan@example.net       | 2025-03-11   |      89228 | Romantic Paris Getaway
 Christopher Cruz     | aalvarado@example.com            | 2025-03-11   |     135212 | Romantic Paris Getaway
 John Bentley         | sarah62@example.org              | 2025-03-11   |     270038 | Romantic Paris Getaway
 Kevin Bennett        | kelsey40@example.com             | 2025-03-11   |     261434 | Romantic Paris Getaway
 Nicole Christian     | ybrown@example.com               | 2025-03-11   |     392713 | Romantic Paris Getaway
 Rhonda Pierce        | wwalters@example.com             | 2025-03-11   |     134239 | Romantic Paris Getaway
 Aaron Thornton       | chris16@example.com              | 2025-03-10   |     374405 | Romantic Paris Getaway
 Jacob Davis          | jessica52@example.com            | 2025-03-10   |     191042 | Romantic Paris Getaway
 James Mathews        | robert65@example.com             | 2025-03-10   |     125469 | Romantic Paris Getaway
 Julia Garcia         | njordan@example.com              | 2025-03-10   |     367147 | Romantic Paris Getaway
 Kurt Jordan          | shenderson@example.net           | 2025-03-10   |     108716 | Romantic Paris Getaway
 Kyle Barr            | dhart@example.com                | 2025-03-10   |     139199 | Romantic Paris Getaway
 Richard Copeland     | iwhite@example.net               | 2025-03-10   |     189525 | Romantic Paris Getaway
 Robert Fowler        | sarareeves@example.com           | 2025-03-10   |     112454 | Romantic Paris Getaway
 Heather Ramos        | gmack@example.com                | 2025-03-09   |     326314 | Romantic Paris Getaway
 Jennifer Garcia      | juliehernandez@example.com       | 2025-03-09   |      95040 | Romantic Paris Getaway
 Joseph Duke          | mjohnson@example.com             | 2025-03-09   |      93436 | Romantic Paris Getaway
 Laura Phillips       | rdiaz@example.com                | 2025-03-09   |      84096 | Romantic Paris Getaway
 Miguel Morgan        | gregory34@example.org            | 2025-03-09   |      83455 | Romantic Paris Getaway
 Shannon Hunt         | leejason@example.com             | 2025-03-09   |     164612 | Romantic Paris Getaway
 Spencer Brown        | lisathompson@example.com         | 2025-03-09   |     147010 | Romantic Paris Getaway
 Susan Miller         | cynthia45@example.com            | 2025-03-09   |      67988 | Romantic Paris Getaway
 Andrea Sims          | ojohnston@example.net            | 2025-03-08   |     350008 | Romantic Paris Getaway
 Christina Castillo   | annecampbell@example.net         | 2025-03-08   |     367434 | Romantic Paris Getaway
 Christopher Wilkins  | seanwilliams@example.net         | 2025-03-08   |     223551 | Romantic Paris Getaway
 Dean Carney          | taylorjoseph@example.net         | 2025-03-08   |     378961 | Romantic Paris Getaway
 Howard Johnson       | james99@example.org              | 2025-03-08   |     195750 | Romantic Paris Getaway
 Jason Frazier        | christiemason@example.com        | 2025-03-08   |     180704 | Romantic Paris Getaway
 Jody Thompson        | aguirrekimberly@example.com      | 2025-03-08   |     305076 | Romantic Paris Getaway
 Kyle Griffin         | websterbrittany@example.com      | 2025-03-08   |      17119 | Romantic Paris Getaway
 Larry Atkinson       | bryan58@example.org              | 2025-03-08   |     145678 | Romantic Paris Getaway
 Shannon Fletcher     | jamesnewton@example.net          | 2025-03-08   |     109310 | Romantic Paris Getaway
 Amy Lewis PhD        | stephaniegreen@example.org       | 2025-03-07   |      82396 | Romantic Paris Getaway
 Christopher Byrd     | johnpeck@example.org             | 2025-03-07   |     259133 | Romantic Paris Getaway
 Crystal Conway       | david93@example.org              | 2025-03-07   |       3143 | Romantic Paris Getaway
 Dorothy Garcia       | lbarton@example.org              | 2025-03-07   |       5963 | Romantic Paris Getaway
 Elizabeth Green      | tcohen@example.net               | 2025-03-07   |     303660 | Romantic Paris Getaway
 Julie Patel          | kenneth54@example.com            | 2025-03-07   |     233543 | Romantic Paris Getaway
 Kevin Smith          | ballen@example.org               | 2025-03-07   |     147459 | Romantic Paris Getaway
 Mark Brandt          | hbryan@example.net               | 2025-03-07   |     124860 | Romantic Paris Getaway
 Amy Adkins           | shaunperry@example.net           | 2025-03-06   |     247888 | Romantic Paris Getaway
 Corey Johnson        | gregory57@example.org            | 2025-03-06   |     329368 | Romantic Paris Getaway
 Crystal Smith        | cannonraymond@example.org        | 2025-03-06   |     261880 | Romantic Paris Getaway
 Haley Wood           | stonerhonda@example.net          | 2025-03-06   |       6986 | Romantic Paris Getaway
 Karen Robinson       | natalie71@example.org            | 2025-03-06   |     249918 | Romantic Paris Getaway
 Katherine Edwards    | leejasmine@example.net           | 2025-03-06   |     177141 | Romantic Paris Getaway
 Kent Martinez        | vpowell@example.com              | 2025-03-06   |      30460 | Romantic Paris Getaway
 Misty Wilcox         | xrangel@example.net              | 2025-03-06   |     130380 | Romantic Paris Getaway
 Patricia Mora        | lisa82@example.com               | 2025-03-06   |      74884 | Romantic Paris Getaway
 Robert James         | rdavis@example.net               | 2025-03-06   |     343138 | Romantic Paris Getaway
 Samuel Cooper        | danielle33@example.com           | 2025-03-06   |     380321 | Romantic Paris Getaway
 Sarah Barber         | christian31@example.org          | 2025-03-06   |     366727 | Romantic Paris Getaway
 Tina Griffin         | rachaelweeks@example.net         | 2025-03-06   |      76083 | Romantic Paris Getaway
 Wanda Griffith       | tiffany21@example.net            | 2025-03-06   |     142189 | Romantic Paris Getaway
 Amy Williams         | garybowers@example.org           | 2025-03-05   |      36106 | Romantic Paris Getaway
 Brian Fields         | michael17@example.com            | 2025-03-05   |     259122 | Romantic Paris Getaway
 Brian Shannon        | yraymond@example.com             | 2025-03-05   |     209521 | Romantic Paris Getaway
 Charles Newman       | pereznicole@example.net          | 2025-03-05   |     253289 | Romantic Paris Getaway
 Jennifer Dunn        | larry08@example.com              | 2025-03-05   |      51495 | Romantic Paris Getaway
 Jesse Potter         | uhall@example.com                | 2025-03-05   |      61458 | Romantic Paris Getaway
 Justin Drake         | ramirezteresa@example.org        | 2025-03-05   |     187021 | Romantic Paris Getaway
 Karen Lozano         | jasonking@example.com            | 2025-03-05   |     100017 | Romantic Paris Getaway
 Kevin Ford           | barrettalex@example.org          | 2025-03-05   |     364131 | Romantic Paris Getaway
 Lisa Cantrell        | cowanpatricia@example.org        | 2025-03-05   |     320047 | Romantic Paris Getaway
 Lori Gray            | wilsonjennifer@example.net       | 2025-03-05   |     102540 | Romantic Paris Getaway
 Margaret Robinson    | wangthomas@example.com           | 2025-03-05   |       9514 | Romantic Paris Getaway
 Phillip Becker       | phillipsrobert@example.net       | 2025-03-05   |     192584 | Romantic Paris Getaway
 Rick Fox             | hayleyyates@example.net          | 2025-03-05   |      56869 | Romantic Paris Getaway
 Robert Meyers        | phillip99@example.org            | 2025-03-05   |      45573 | Romantic Paris Getaway
 Terry Rodriguez      | jeanette18@example.com           | 2025-03-05   |      58221 | Romantic Paris Getaway
 Thomas Osborn        | jenniferdavis@example.net        | 2025-03-05   |     260427 | Romantic Paris Getaway
 Tiffany Marshall     | cwilson@example.org              | 2025-03-05   |     379298 | Romantic Paris Getaway
 Clayton Gay          | mirandafletcher@example.com      | 2025-03-04   |     143871 | Romantic Paris Getaway
 Denise Davies        | christinemckay@example.org       | 2025-03-04   |     311901 | Romantic Paris Getaway
 Donna Robbins        | ccole@example.net                | 2025-03-04   |      72229 | Romantic Paris Getaway
 Jackson Allen        | nfarmer@example.com              | 2025-03-04   |     326476 | Romantic Paris Getaway
 Joshua Charles       | eclark@example.net               | 2025-03-04   |     337370 | Romantic Paris Getaway
 Lauren Cooley        | marcus57@example.net             | 2025-03-04   |     167978 | Romantic Paris Getaway
 Valerie Williams     | susanharrington@example.org      | 2025-03-04   |     324699 | Romantic Paris Getaway
 Brittany Melton      | paul20@example.org               | 2025-03-03   |      48519 | Romantic Paris Getaway
 Christina Reyes      | elizabethfuller@example.net      | 2025-03-03   |      97914 | Romantic Paris Getaway
 Gabriel Potter       | james26@example.net              | 2025-03-03   |     254152 | Romantic Paris Getaway
 Makayla House        | zimmermanchristopher@example.com | 2025-03-03   |      17709 | Romantic Paris Getaway
 Pamela Chaney        | velasquezmichael@example.net     | 2025-03-03   |     287322 | Romantic Paris Getaway
 Angela Stanley       | ghancock@example.net             | 2025-03-02   |      51861 | Romantic Paris Getaway
 Brian Bowman         | moorelisa@example.org            | 2025-03-02   |     270489 | Romantic Paris Getaway
 Carl Rodriguez       | jeffreythompson@example.com      | 2025-03-02   |     319366 | Romantic Paris Getaway
 Dawn Anderson        | vspencer@example.org             | 2025-03-02   |     348830 | Romantic Paris Getaway
 Gregory Wolfe        | gibsonsherri@example.org         | 2025-03-02   |     162650 | Romantic Paris Getaway
 Heather Stevens      | martinezandrea@example.org       | 2025-03-02   |      72261 | Romantic Paris Getaway
 Laura Donovan        | howellrodney@example.com         | 2025-03-02   |     188922 | Romantic Paris Getaway
 Mrs. Christine Cox   | newtonaudrey@example.com         | 2025-03-02   |     111901 | Romantic Paris Getaway
 Peter Davidson       | leemichael@example.org           | 2025-03-02   |     397062 | Romantic Paris Getaway
 Sherry Brown         | patricia70@example.net           | 2025-03-02   |     356833 | Romantic Paris Getaway
 Sierra Holloway      | matthewserik@example.org         | 2025-03-02   |      50027 | Romantic Paris Getaway
 Tyler Miles          | johnsoncassidy@example.com       | 2025-03-02   |     237983 | Romantic Paris Getaway
 Victoria Mathews     | nicole04@example.com             | 2025-03-02   |     186363 | Romantic Paris Getaway
 Amy Kane             | briangarcia@example.com          | 2025-03-01   |     399135 | Romantic Paris Getaway
 Curtis Yu            | anthony73@example.org            | 2025-03-01   |     394338 | Romantic Paris Getaway
 Darrell Greene       | oroberts@example.net             | 2025-03-01   |     125854 | Romantic Paris Getaway
 Elizabeth Herman     | rogersjack@example.net           | 2025-03-01   |     257796 | Romantic Paris Getaway
 Jocelyn Harrison     | merritterik@example.com          | 2025-03-01   |       3182 | Romantic Paris Getaway
 Karen Smith          | kari15@example.net               | 2025-03-01   |     147018 | Romantic Paris Getaway
 Kimberly Floyd       | aorr@example.org                 | 2025-03-01   |     250301 | Romantic Paris Getaway
 Michael Brown        | gabriel97@example.net            | 2025-03-01   |     337241 | Romantic Paris Getaway
 Nicholas Dudley      | lori97@example.com               | 2025-03-01   |     117113 | Romantic Paris Getaway
 Nicole Nolan         | lance86@example.net              | 2025-03-01   |     282719 | Romantic Paris Getaway
 Perry Wright         | ramirezjeremy@example.net        | 2025-03-01   |      89756 | Romantic Paris Getaway
 Reginald Brooks      | angela01@example.com             | 2025-03-01   |      34987 | Romantic Paris Getaway
 Adam Owens           | jonesmaria@example.net           | 2025-02-28   |      54258 | Romantic Paris Getaway
 Brian Bonilla        | gonzalesdarlene@example.net      | 2025-02-28   |      96460 | Romantic Paris Getaway
 Carl Payne           | mackjeffrey@example.com          | 2025-02-28   |     147248 | Romantic Paris Getaway
 Chelsea Ramsey       | ygonzalez@example.org            | 2025-02-28   |     247161 | Romantic Paris Getaway
 Colin Curtis         | christopher01@example.com        | 2025-02-28   |      65078 | Romantic Paris Getaway
 Courtney Odonnell    | daisy40@example.com              | 2025-02-28   |     382125 | Romantic Paris Getaway
 David Mcmahon        | morganjennifer@example.com       | 2025-02-28   |     322453 | Romantic Paris Getaway
 Deanna Reed          | jeanette02@example.com           | 2025-02-28   |     326594 | Romantic Paris Getaway
 George Lopez         | moorenicole@example.net          | 2025-02-28   |     110279 | Romantic Paris Getaway
 Heather Holmes       | tbarnes@example.com              | 2025-02-28   |      47272 | Romantic Paris Getaway
 Jessica Jones        | hilldavid@example.net            | 2025-02-28   |     183819 | Romantic Paris Getaway
 Kimberly Davis       | robinjarvis@example.org          | 2025-02-28   |     201337 | Romantic Paris Getaway
 Marie Castaneda      | adamsmarilyn@example.com         | 2025-02-28   |     371448 | Romantic Paris Getaway
 Rebecca Ramirez      | julie54@example.com              | 2025-02-28   |     149739 | Romantic Paris Getaway
 Amy Franklin         | heathershaw@example.net          | 2025-02-27   |      93675 | Romantic Paris Getaway
 Christine Roberts    | sbartlett@example.org            | 2025-02-27   |     213915 | Romantic Paris Getaway
 Erin Thomas          | jennakent@example.net            | 2025-02-27   |     205056 | Romantic Paris Getaway
 James Cunningham II  | samanthafox@example.net          | 2025-02-27   |     345364 | Romantic Paris Getaway
 Joseph Smith         | npayne@example.com               | 2025-02-27   |     323032 | Romantic Paris Getaway
 Laura Carpenter      | moniqueferguson@example.net      | 2025-02-27   |     358789 | Romantic Paris Getaway
 Lauren Lee           | sarahmoss@example.com            | 2025-02-27   |      32858 | Romantic Paris Getaway
 Lisa Hernandez       | sheri40@example.org              | 2025-02-27   |     149662 | Romantic Paris Getaway
 Luke Bullock         | timothy41@example.com            | 2025-02-27   |     118942 | Romantic Paris Getaway
 Rebecca Adams        | keith71@example.net              | 2025-02-27   |     157719 | Romantic Paris Getaway
 Rhonda Bray          | david77@example.com              | 2025-02-27   |     288618 | Romantic Paris Getaway
 Tyler Yates          | gdavis@example.com               | 2025-02-27   |     326355 | Romantic Paris Getaway
 Whitney Rosales      | kellytyler@example.com           | 2025-02-27   |     251683 | Romantic Paris Getaway
 Alicia Cox           | david16@example.net              | 2025-02-26   |     298516 | Romantic Paris Getaway
 Daniel Logan         | trevordecker@example.org         | 2025-02-26   |     136625 | Romantic Paris Getaway
 Daniel Ramirez       | mcclaintravis@example.org        | 2025-02-26   |     120008 | Romantic Paris Getaway
 Lisa Oneill          | david05@example.com              | 2025-02-26   |     107604 | Romantic Paris Getaway
 Philip Green         | thompsonkim@example.org          | 2025-02-26   |     121798 | Romantic Paris Getaway
 Richard Ruiz         | darren90@example.com             | 2025-02-26   |     334630 | Romantic Paris Getaway
 Stephanie Chen       | joshua58@example.com             | 2025-02-26   |      50295 | Romantic Paris Getaway
 Tabitha Walker       | lowekenneth@example.com          | 2025-02-26   |     112777 | Romantic Paris Getaway
 Barbara Wolfe        | simonnathaniel@example.net       | 2025-02-25   |     270210 | Romantic Paris Getaway
 Brian Douglas        | campbellshelly@example.net       | 2025-02-25   |     270022 | Romantic Paris Getaway
 Daniel Martinez      | patriciaberry@example.net        | 2025-02-25   |     390563 | Romantic Paris Getaway
 Jeffrey Powers       | watsonjessica@example.org        | 2025-02-25   |     230423 | Romantic Paris Getaway
 Justin Robbins       | znelson@example.net              | 2025-02-25   |     352070 | Romantic Paris Getaway
 Keith Olson          | hharris@example.com              | 2025-02-25   |      96526 | Romantic Paris Getaway
 Kenneth Ramirez      | stacyparker@example.com          | 2025-02-25   |     216319 | Romantic Paris Getaway
 Lawrence Adkins      | stanleydominique@example.com     | 2025-02-25   |     180727 | Romantic Paris Getaway
 Lisa Conner          | marissa23@example.org            | 2025-02-25   |     210295 | Romantic Paris Getaway
 Margaret Ho          | ksmith@example.com               | 2025-02-25   |      73440 | Romantic Paris Getaway
 Mary Mcpherson       | david99@example.com              | 2025-02-25   |     231861 | Romantic Paris Getaway
 Matthew Craig MD     | danielschultz@example.com        | 2025-02-25   |     336404 | Romantic Paris Getaway
 Michael Arroyo       | jeffrey97@example.org            | 2025-02-25   |      58752 | Romantic Paris Getaway
 Robert Pierce        | nicholasjohnson@example.org      | 2025-02-25   |      91817 | Romantic Paris Getaway
 Samuel Lopez         | qcox@example.com                 | 2025-02-25   |     120421 | Romantic Paris Getaway
 Sylvia Garrison      | npittman@example.com             | 2025-02-25   |     315384 | Romantic Paris Getaway
 Valerie Francis      | jbennett@example.com             | 2025-02-25   |     103131 | Romantic Paris Getaway
 William Anderson     | april43@example.org              | 2025-02-25   |     106975 | Romantic Paris Getaway
 Anthony Sutton       | haguirre@example.com             | 2025-02-24   |      44679 | Romantic Paris Getaway
 Cameron King         | calderonkathy@example.net        | 2025-02-24   |     324794 | Romantic Paris Getaway
 Cheryl Jones         | michaelmartin@example.org        | 2025-02-24   |     251660 | Romantic Paris Getaway
 Christian Yu         | jamesdaniel@example.org          | 2025-02-24   |     383141 | Romantic Paris Getaway
 Christopher Moore    | hammondsean@example.net          | 2025-02-24   |     171307 | Romantic Paris Getaway
 Clayton Garcia       | teresathompson@example.com       | 2025-02-24   |       8480 | Romantic Paris Getaway
 Cynthia Martinez     | ngreen@example.org               | 2025-02-24   |     148340 | Romantic Paris Getaway
 Dawn Novak           | ashleychristensen@example.com    | 2025-02-24   |     383534 | Romantic Paris Getaway
 Deborah Stein        | jonathan94@example.net           | 2025-02-24   |     218063 | Romantic Paris Getaway
 Erik Evans           | melissa78@example.org            | 2025-02-24   |     350120 | Romantic Paris Getaway
 Jessica Odonnell     | zdavis@example.org               | 2025-02-24   |      34712 | Romantic Paris Getaway
 Jonathan Thomas      | nmontgomery@example.org          | 2025-02-24   |     135961 | Romantic Paris Getaway
 Leah Rollins         | kathryn16@example.org            | 2025-02-24   |     289354 | Romantic Paris Getaway
 Logan Smith          | kreeves@example.net              | 2025-02-24   |      47159 | Romantic Paris Getaway
 Michael Cooper       | dunnmorgan@example.com           | 2025-02-24   |     229514 | Romantic Paris Getaway
 Michael Ferguson     | wesley05@example.com             | 2025-02-24   |     392213 | Romantic Paris Getaway
 Sean Edwards         | schmidtwalter@example.org        | 2025-02-24   |      81979 | Romantic Paris Getaway
 Tammy Ray            | ncarrillo@example.com            | 2025-02-24   |     172265 | Romantic Paris Getaway
 Tara Livingston      | ejohnson@example.com             | 2025-02-24   |     360595 | Romantic Paris Getaway
 Alexis Smith         | william78@example.com            | 2025-02-23   |     350445 | Romantic Paris Getaway
 Benjamin Brown       | qcopeland@example.net            | 2025-02-23   |     385196 | Romantic Paris Getaway
 Brianna Gutierrez    | gvincent@example.com             | 2025-02-23   |     102014 | Romantic Paris Getaway
 Eugene Ingram        | jonesstephanie@example.net       | 2025-02-23   |     198832 | Romantic Paris Getaway
 Gregory Flores       | hollyyoung@example.org           | 2025-02-23   |      22174 | Romantic Paris Getaway
 Haley Herman         | jamie94@example.org              | 2025-02-23   |     118661 | Romantic Paris Getaway
 Heather Ellis        | kayla91@example.net              | 2025-02-23   |     218351 | Romantic Paris Getaway
 Jennifer Greene      | robinbell@example.com            | 2025-02-23   |     101075 | Romantic Paris Getaway
 Lauren Rivas         | prestoncarpenter@example.net     | 2025-02-23   |     138274 | Romantic Paris Getaway
 Matthew King         | fullerjacqueline@example.net     | 2025-02-23   |     310574 | Romantic Paris Getaway
 Michael Wheeler      | debraday@example.com             | 2025-02-23   |     178222 | Romantic Paris Getaway
 Sarah Moore          | tannerfrancisco@example.net      | 2025-02-23   |     218069 | Romantic Paris Getaway
 Sherri Smith         | kellytyler@example.net           | 2025-02-23   |     162812 | Romantic Paris Getaway
 Aaron Ramirez        | ballardjohn@example.org          | 2025-02-22   |     135755 | Romantic Paris Getaway
 Ashley Bell          | wendysimpson@example.org         | 2025-02-22   |     239807 | Romantic Paris Getaway
 Brian Jennings       | patriciamills@example.org        | 2025-02-22   |     140833 | Romantic Paris Getaway
 Christian Lopez      | garrett55@example.org            | 2025-02-22   |     102233 | Romantic Paris Getaway
 Greg Barnes          | adamvasquez@example.net          | 2025-02-22   |     262520 | Romantic Paris Getaway
 Jared Brady          | lmiller@example.com              | 2025-02-22   |      23309 | Romantic Paris Getaway
 Jennifer Daniels     | smithlauren@example.com          | 2025-02-22   |     197176 | Romantic Paris Getaway
 Lisa Wood            | melanieharris@example.com        | 2025-02-22   |     136080 | Romantic Paris Getaway
 Sarah Jackson        | kaufmanjesus@example.net         | 2025-02-22   |      26951 | Romantic Paris Getaway
 Angela Alexander     | millerchristopher@example.org    | 2025-02-21   |     285282 | Romantic Paris Getaway
 Ashley Kennedy       | downsjennifer@example.org        | 2025-02-21   |     388183 | Romantic Paris Getaway
 Dustin Miller        | gmartinez@example.org            | 2025-02-21   |     162934 | Romantic Paris Getaway
 Dustin Thompson      | nancygriffith@example.com        | 2025-02-21   |     361749 | Romantic Paris Getaway
 Jeffrey Moore        | mollyphillips@example.com        | 2025-02-21   |      60488 | Romantic Paris Getaway
 Joshua Martin        | fordapril@example.com            | 2025-02-21   |       8745 | Romantic Paris Getaway
 Julie Hill           | kathleen14@example.com           | 2025-02-21   |      70530 | Romantic Paris Getaway
 Richard Lin          | lguzman@example.org              | 2025-02-21   |     359667 | Romantic Paris Getaway
 Bernard Callahan     | theresa35@example.com            | 2025-02-20   |     299050 | Romantic Paris Getaway
 Bryan Carter         | robertwelch@example.com          | 2025-02-20   |     389070 | Romantic Paris Getaway
 Cheryl Johnston      | randall87@example.org            | 2025-02-20   |     241695 | Romantic Paris Getaway
 Deborah Flores       | jamessmith@example.net           | 2025-02-20   |     318363 | Romantic Paris Getaway
 Derek Castillo       | samanthashaw@example.com         | 2025-02-20   |     233851 | Romantic Paris Getaway
 Dylan Shepherd       | hking@example.net                | 2025-02-20   |     193776 | Romantic Paris Getaway
 Gina Torres          | amandarodriguez@example.com      | 2025-02-20   |     290068 | Romantic Paris Getaway
 John Strickland      | deanna22@example.com             | 2025-02-20   |     287522 | Romantic Paris Getaway
 Michael Moran        | shannongutierrez@example.net     | 2025-02-20   |     290101 | Romantic Paris Getaway
 Michelle Wilson      | kreilly@example.org              | 2025-02-20   |     263526 | Romantic Paris Getaway
 Thomas Cohen         | afowler@example.com              | 2025-02-20   |     111308 | Romantic Paris Getaway
 Bradley Moore        | mpetersen@example.com            | 2025-02-19   |     186195 | Romantic Paris Getaway
 Gail Riley           | laurenwilliams@example.com       | 2025-02-19   |     399740 | Romantic Paris Getaway
 James Mcintyre       | torresjacob@example.org          | 2025-02-19   |     355693 | Romantic Paris Getaway
 Jerome George        | garrett32@example.com            | 2025-02-19   |      85500 | Romantic Paris Getaway
 Joanna Alvarado      | deborah39@example.com            | 2025-02-19   |      15934 | Romantic Paris Getaway
 John Dixon           | andrew48@example.org             | 2025-02-19   |      65019 | Romantic Paris Getaway
 John Mayo Jr.        | jimmy17@example.com              | 2025-02-19   |     202026 | Romantic Paris Getaway
 Kristen Henry        | williamselizabeth@example.net    | 2025-02-19   |      87852 | Romantic Paris Getaway
 Lydia Lee            | david93@example.com              | 2025-02-19   |     107223 | Romantic Paris Getaway
 Ryan Scott           | lopezkimberly@example.com        | 2025-02-19   |      15055 | Romantic Paris Getaway
 Sarah Cruz           | robertslawrence@example.org      | 2025-02-19   |     171302 | Romantic Paris Getaway
 Benjamin Cooper      | michaelcastillo@example.com      | 2025-02-18   |      49945 | Romantic Paris Getaway
 Daniel Flores        | browndonald@example.org          | 2025-02-18   |     285188 | Romantic Paris Getaway
 Jennifer Boone       | derrickkey@example.org           | 2025-02-18   |      73002 | Romantic Paris Getaway
 Lindsay Potts        | cthomas@example.net              | 2025-02-18   |     206285 | Romantic Paris Getaway
 Michael Harding      | cory19@example.com               | 2025-02-18   |     207249 | Romantic Paris Getaway
 Norma Smith          | hectordavis@example.org          | 2025-02-18   |     162617 | Romantic Paris Getaway
 Peter Cox            | geraldanderson@example.net       | 2025-02-18   |     222736 | Romantic Paris Getaway
 Richard Bowen        | theresa58@example.com            | 2025-02-18   |     168439 | Romantic Paris Getaway
 Ricky Herman         | qcampos@example.com              | 2025-02-18   |     197773 | Romantic Paris Getaway
 Seth Gregory         | williskimberly@example.com       | 2025-02-18   |     197597 | Romantic Paris Getaway
 Tommy Reed MD        | zlewis@example.com               | 2025-02-18   |      35390 | Romantic Paris Getaway
 Aaron Henry          | andrea33@example.org             | 2025-02-17   |      16196 | Romantic Paris Getaway
 Angela Davis         | pmedina@example.net              | 2025-02-17   |      47439 | Romantic Paris Getaway
 Cynthia Dawson       | kristen05@example.org            | 2025-02-17   |     202079 | Romantic Paris Getaway
 Douglas Boyd         | livingstonrachael@example.net    | 2025-02-17   |     128860 | Romantic Paris Getaway
 Douglas Sweeney      | natasha27@example.com            | 2025-02-17   |     385409 | Romantic Paris Getaway
 Dustin Stephens      | connie33@example.org             | 2025-02-17   |      67877 | Romantic Paris Getaway
 Gregory Wong         | orozcoronald@example.net         | 2025-02-17   |     112183 | Romantic Paris Getaway
 Jennifer Phillips    | nriley@example.com               | 2025-02-17   |     371970 | Romantic Paris Getaway
 John Boyd            | kevinjones@example.com           | 2025-02-17   |     198840 | Romantic Paris Getaway
 Joseph Foster        | collinroberts@example.com        | 2025-02-17   |     135162 | Romantic Paris Getaway
 Lauren May           | william67@example.net            | 2025-02-17   |     339244 | Romantic Paris Getaway
 Lisa Cooper          | williamcook@example.com          | 2025-02-17   |     153805 | Romantic Paris Getaway
 Mary Smith           | ywells@example.com               | 2025-02-17   |      22343 | Romantic Paris Getaway
 Mitchell Roberts     | johnathanreyes@example.com       | 2025-02-17   |     202850 | Romantic Paris Getaway
 Olivia Warren        | robert74@example.org             | 2025-02-17   |     372263 | Romantic Paris Getaway
 Robert Melton        | shawn27@example.org              | 2025-02-17   |      58920 | Romantic Paris Getaway
 Adam Berg            | earmstrong@example.net           | 2025-02-16   |     126821 | Romantic Paris Getaway
 Alyssa Navarro       | austinheidi@example.net          | 2025-02-16   |      91905 | Romantic Paris Getaway
 Angela Andrews       | michael62@example.org            | 2025-02-16   |     303304 | Romantic Paris Getaway
 Brianna Johnson      | rogersvictoria@example.net       | 2025-02-16   |     210149 | Romantic Paris Getaway
 Christopher Parker   | alex74@example.net               | 2025-02-16   |     237951 | Romantic Paris Getaway
 Dr. Kevin Reeves     | torresandrea@example.net         | 2025-02-16   |     253094 | Romantic Paris Getaway
 Glenn Smith          | egray@example.net                | 2025-02-16   |     372195 | Romantic Paris Getaway
 Jim Gray             | whitejulie@example.org           | 2025-02-16   |     197488 | Romantic Paris Getaway
 Jordan Golden        | carrievasquez@example.net        | 2025-02-16   |     176060 | Romantic Paris Getaway
 Michael Bowen        | whitneystephen@example.org       | 2025-02-16   |     319907 | Romantic Paris Getaway
 Michael Edwards      | hollybaker@example.net           | 2025-02-16   |      79747 | Romantic Paris Getaway
 Michael Mclean       | williammurphy@example.com        | 2025-02-16   |      28356 | Romantic Paris Getaway
 Samantha Smith       | haynesjoshua@example.net         | 2025-02-16   |     275062 | Romantic Paris Getaway
 Sarah Bennett        | johnadams@example.org            | 2025-02-16   |     154705 | Romantic Paris Getaway
 Christina Fischer    | flowersjames@example.org         | 2025-02-15   |     180001 | Romantic Paris Getaway
 Franklin Mills       | ereed@example.net                | 2025-02-15   |     244104 | Romantic Paris Getaway
 Gregory Jackson      | jefferyrobinson@example.net      | 2025-02-15   |     178002 | Romantic Paris Getaway
 Lisa Stewart         | haleymiller@example.net          | 2025-02-15   |      49605 | Romantic Paris Getaway
 Matthew Wells        | cgonzales@example.com            | 2025-02-15   |      99307 | Romantic Paris Getaway
 Pamela Warren        | stephensgordon@example.net       | 2025-02-15   |     371355 | Romantic Paris Getaway
 Rebecca Clark        | pamela66@example.org             | 2025-02-15   |      33605 | Romantic Paris Getaway
 Scott Austin         | robert75@example.org             | 2025-02-15   |       3273 | Romantic Paris Getaway
 Zachary Clark        | johnathan23@example.org          | 2025-02-15   |     146193 | Romantic Paris Getaway
 Daniel Clark         | mgentry@example.org              | 2025-02-14   |     111646 | Romantic Paris Getaway
 Danielle Smith       | carlwyatt@example.net            | 2025-02-14   |      20764 | Romantic Paris Getaway
 David Watson         | phillip48@example.net            | 2025-02-14   |     118578 | Romantic Paris Getaway
 Donna Gregory        | stevenrivera@example.net         | 2025-02-14   |     253395 | Romantic Paris Getaway
 Jack Murphy          | henryfernando@example.com        | 2025-02-14   |      31530 | Romantic Paris Getaway
 Janice Sweeney       | jacob00@example.net              | 2025-02-14   |      71018 | Romantic Paris Getaway
 Jeanette Nicholson   | royhunt@example.org              | 2025-02-14   |      76373 | Romantic Paris Getaway
 John Kim             | matthewcoleman@example.org       | 2025-02-14   |     216256 | Romantic Paris Getaway
 Karen Mccoy          | stacey73@example.org             | 2025-02-14   |     156653 | Romantic Paris Getaway
 Katie Buchanan       | ngriffith@example.org            | 2025-02-14   |     345174 | Romantic Paris Getaway
 Nathan Chavez        | spatterson@example.org           | 2025-02-14   |     359866 | Romantic Paris Getaway
 Richard Campbell     | rodneynelson@example.org         | 2025-02-14   |     285433 | Romantic Paris Getaway
 Bruce Shaw           | jillhanson@example.org           | 2025-02-13   |     320232 | Romantic Paris Getaway
 Christian Simmons    | dhubbard@example.net             | 2025-02-13   |     303036 | Romantic Paris Getaway
 Henry Bailey         | wilcoxeric@example.org           | 2025-02-13   |     294771 | Romantic Paris Getaway
 Kristin Le           | dakotawilson@example.org         | 2025-02-13   |     159605 | Romantic Paris Getaway
 Lauren Schmidt       | dustinjones@example.org          | 2025-02-13   |     330634 | Romantic Paris Getaway
 Stephanie Gillespie  | mendezmark@example.com           | 2025-02-13   |     232571 | Romantic Paris Getaway
 Zachary Moore        | murraynicole@example.org         | 2025-02-13   |     219738 | Romantic Paris Getaway
 Anthony Newman       | cruzdebbie@example.org           | 2025-02-12   |     282112 | Romantic Paris Getaway
 John Solomon         | sandersanthony@example.com       | 2025-02-12   |     110619 | Romantic Paris Getaway
 Karen Wright         | mariapeck@example.com            | 2025-02-12   |     127556 | Romantic Paris Getaway
 Laurie Smith         | joshuabradley@example.net        | 2025-02-12   |     239248 | Romantic Paris Getaway
 Michelle Weaver      | stevenbrown@example.com          | 2025-02-12   |     232693 | Romantic Paris Getaway
 Aaron Rogers         | lorrainemitchell@example.org     | 2025-02-11   |      57698 | Romantic Paris Getaway
 Ashley Turner        | ljackson@example.com             | 2025-02-11   |       8452 | Romantic Paris Getaway
 Cassidy Hall         | masonrebekah@example.com         | 2025-02-11   |     218044 | Romantic Paris Getaway
 Jason Johnston       | samantha50@example.org           | 2025-02-11   |     389629 | Romantic Paris Getaway
 Jeffrey Medina       | james49@example.com              | 2025-02-11   |      94001 | Romantic Paris Getaway
 Jennifer Shaw        | tiffany00@example.com            | 2025-02-11   |     321490 | Romantic Paris Getaway
 Justin Benson        | robert66@example.org             | 2025-02-11   |     161942 | Romantic Paris Getaway
 Kimberly Morris      | angela54@example.net             | 2025-02-11   |     232763 | Romantic Paris Getaway
 Lori Murphy          | eric25@example.net               | 2025-02-11   |     304920 | Romantic Paris Getaway
 Maria Herring        | jenniferryan@example.net         | 2025-02-11   |     132606 | Romantic Paris Getaway
 Peter Rose           | jeremycrosby@example.org         | 2025-02-11   |     131324 | Romantic Paris Getaway
 Xavier Dixon         | katelyn23@example.net            | 2025-02-11   |     364321 | Romantic Paris Getaway
 Christopher Freeman  | gregorygray@example.com          | 2025-02-10   |     352438 | Romantic Paris Getaway
 Julie Jones          | briana71@example.com             | 2025-02-10   |     373707 | Romantic Paris Getaway
 Katrina Yang         | lucassarah@example.net           | 2025-02-10   |     373951 | Romantic Paris Getaway
 Laura Yoder          | kaitlyn72@example.net            | 2025-02-10   |     172042 | Romantic Paris Getaway
 Lisa Wong            | richardmyers@example.com         | 2025-02-10   |     350554 | Romantic Paris Getaway
 Matthew Marshall     | markmcbride@example.net          | 2025-02-10   |     252076 | Romantic Paris Getaway
 Melissa Rivera       | thomasporter@example.net         | 2025-02-10   |     208007 | Romantic Paris Getaway
 Michael West         | wlittle@example.com              | 2025-02-10   |     313281 | Romantic Paris Getaway
 Nancy Marquez        | eatonnancy@example.org           | 2025-02-10   |      37819 | Romantic Paris Getaway
 Paul Perkins         | ymann@example.org                | 2025-02-10   |     122132 | Romantic Paris Getaway
 Alejandra Williams   | ntorres@example.org              | 2025-02-09   |     225505 | Romantic Paris Getaway
 Bryan Velasquez      | wellsphillip@example.net         | 2025-02-09   |     188339 | Romantic Paris Getaway
 Christine Wilson     | markbuckley@example.net          | 2025-02-09   |     260707 | Romantic Paris Getaway
 David Barber         | johnsonnatalie@example.net       | 2025-02-09   |     170654 | Romantic Paris Getaway
 Edward Moreno        | blackcharles@example.com         | 2025-02-09   |      12133 | Romantic Paris Getaway
 Garrett Brennan      | jeffrey38@example.com            | 2025-02-09   |     183706 | Romantic Paris Getaway
 Grant Dunn           | pamela66@example.org             | 2025-02-09   |     157058 | Romantic Paris Getaway
 Kristen Martinez     | mhill@example.org                | 2025-02-09   |     111731 | Romantic Paris Getaway
 Sarah Cook           | chansen@example.net              | 2025-02-09   |      44678 | Romantic Paris Getaway
 Timothy Wilkerson    | qallen@example.com               | 2025-02-09   |      73864 | Romantic Paris Getaway
 Alexis Schmidt       | crystalle@example.com            | 2025-02-08   |      22883 | Romantic Paris Getaway
 David Lee            | joserocha@example.net            | 2025-02-08   |     219127 | Romantic Paris Getaway
 Elizabeth Mckenzie   | kcurry@example.net               | 2025-02-08   |     189842 | Romantic Paris Getaway
 James Patterson      | lgriffin@example.com             | 2025-02-08   |     155337 | Romantic Paris Getaway
 John Martinez        | dvargas@example.net              | 2025-02-08   |      97909 | Romantic Paris Getaway
 Jonathan Dunn        | andrewdunn@example.org           | 2025-02-08   |     283506 | Romantic Paris Getaway
 Julie Robinson       | reeseeugene@example.net          | 2025-02-08   |     271674 | Romantic Paris Getaway
 Kimberly Cannon      | nathanmcdonald@example.net       | 2025-02-08   |     336099 | Romantic Paris Getaway
 Mary Horn            | anna37@example.net               | 2025-02-08   |     212669 | Romantic Paris Getaway
 Michele Hayes        | alisonbrown@example.net          | 2025-02-08   |     103074 | Romantic Paris Getaway
 Michelle Lawson      | byrdmichelle@example.org         | 2025-02-08   |     100838 | Romantic Paris Getaway
 Paul Evans           | lonnie87@example.net             | 2025-02-08   |      40025 | Romantic Paris Getaway
 Brenda Jones         | christinegriffin@example.com     | 2025-02-07   |     310590 | Romantic Paris Getaway
 Cathy Simon          | lfoster@example.com              | 2025-02-07   |     193096 | Romantic Paris Getaway
 Jennifer Zamora      | anthony01@example.org            | 2025-02-07   |      82238 | Romantic Paris Getaway
 Joshua Clark         | rachaelgomez@example.net         | 2025-02-07   |     180547 | Romantic Paris Getaway
 Kyle Griffin         | websterbrittany@example.com      | 2025-02-07   |     205771 | Romantic Paris Getaway
 Monica Johns         | iliu@example.com                 | 2025-02-07   |      27148 | Romantic Paris Getaway
 Tony Mcdaniel        | oallen@example.org               | 2025-02-07   |     197886 | Romantic Paris Getaway
 Anthony Cisneros     | daniel77@example.com             | 2025-02-06   |     245940 | Romantic Paris Getaway
 Brandon Bush         | shane50@example.org              | 2025-02-06   |     238023 | Romantic Paris Getaway
 Daniel Perez         | tiffany01@example.org            | 2025-02-06   |     260354 | Romantic Paris Getaway
 Jeffery Avila        | millerariel@example.net          | 2025-02-06   |     160320 | Romantic Paris Getaway
 Michael Castro       | anthonymullins@example.net       | 2025-02-06   |     328950 | Romantic Paris Getaway
 Michael Flores       | wilsonkimberly@example.org       | 2025-02-06   |      26758 | Romantic Paris Getaway
 Randy Miller         | kelly74@example.net              | 2025-02-06   |     171780 | Romantic Paris Getaway
 Rebecca Young        | heatheranderson@example.net      | 2025-02-06   |     231555 | Romantic Paris Getaway
 Stephen Clark        | russellashley@example.org        | 2025-02-06   |       5688 | Romantic Paris Getaway
 Tara Banks           | sharonrocha@example.net          | 2025-02-06   |      15771 | Romantic Paris Getaway
 Virginia Villegas    | pierceaaron@example.org          | 2025-02-06   |     388878 | Romantic Paris Getaway
 Zachary Mitchell     | dana57@example.com               | 2025-02-06   |     285316 | Romantic Paris Getaway
 Benjamin Coleman     | kennedylorraine@example.org      | 2025-02-05   |     234351 | Romantic Paris Getaway
 Crystal Davis        | erikquinn@example.net            | 2025-02-05   |     232574 | Romantic Paris Getaway
 David Hansen         | mjames@example.net               | 2025-02-05   |     349455 | Romantic Paris Getaway
 James Fisher         | emurphy@example.net              | 2025-02-05   |      53224 | Romantic Paris Getaway
 Jamie Silva          | rebeccagarza@example.com         | 2025-02-05   |     133450 | Romantic Paris Getaway
 Jody Beck            | garciajack@example.org           | 2025-02-05   |     257557 | Romantic Paris Getaway
 Mark Rogers          | hesterdavid@example.org          | 2025-02-05   |     246477 | Romantic Paris Getaway
 Megan Lester         | ckirby@example.net               | 2025-02-05   |     328271 | Romantic Paris Getaway
 Michael Sanders      | bakerroy@example.net             | 2025-02-05   |     333067 | Romantic Paris Getaway
 Micheal Anderson     | aliciamitchell@example.net       | 2025-02-05   |      22742 | Romantic Paris Getaway
 Nancy Wilkins        | ysilva@example.com               | 2025-02-05   |     360182 | Romantic Paris Getaway
 Raymond Berg         | petersadam@example.org           | 2025-02-05   |      98859 | Romantic Paris Getaway
 Ricardo Perry        | qhart@example.com                | 2025-02-05   |     163718 | Romantic Paris Getaway
 Sara Richards        | blynch@example.net               | 2025-02-05   |     167838 | Romantic Paris Getaway
 Stephanie Sharp      | maria90@example.net              | 2025-02-05   |      25128 | Romantic Paris Getaway
 Amanda James         | teresapierce@example.com         | 2025-02-04   |     321841 | Romantic Paris Getaway
 Anna Hardin          | dawn11@example.com               | 2025-02-04   |     115569 | Romantic Paris Getaway
 Dana Brown           | alejandra13@example.com          | 2025-02-04   |     201968 | Romantic Paris Getaway
 Douglas Herman       | josecampbell@example.com         | 2025-02-04   |     134013 | Romantic Paris Getaway
 Isaiah Fisher        | cynthiaromero@example.org        | 2025-02-04   |        531 | Romantic Paris Getaway
 Jack Dawson          | egonzalez@example.com            | 2025-02-04   |     280922 | Romantic Paris Getaway
 Jessica White        | rebecca21@example.net            | 2025-02-04   |     175772 | Romantic Paris Getaway
 Justin Jackson       | brian82@example.com              | 2025-02-04   |     235085 | Romantic Paris Getaway
 Mark Sanchez         | cassandraponce@example.org       | 2025-02-04   |     393145 | Romantic Paris Getaway
 Melissa Reed         | wmiller@example.org              | 2025-02-04   |     106844 | Romantic Paris Getaway
 Ronald Richmond      | gonzalescatherine@example.org    | 2025-02-04   |      63442 | Romantic Paris Getaway
 Sarah Garza          | joshuaclark@example.net          | 2025-02-04   |      11264 | Romantic Paris Getaway
 Scott Wilson         | ibailey@example.net              | 2025-02-04   |       7704 | Romantic Paris Getaway
 Casey Stevens        | angelaadams@example.org          | 2025-02-03   |      86916 | Romantic Paris Getaway
 Christopher Beck     | stephen61@example.org            | 2025-02-03   |     222158 | Romantic Paris Getaway
 Christopher Robinson | teresa38@example.com             | 2025-02-03   |     283792 | Romantic Paris Getaway
 Frank Adams          | weberdavid@example.org           | 2025-02-03   |     363518 | Romantic Paris Getaway
 Tara Perez           | harringtonjohnny@example.net     | 2025-02-03   |     245485 | Romantic Paris Getaway
 Thomas Johnson       | sherry97@example.com             | 2025-02-03   |     332371 | Romantic Paris Getaway
 Charles Allen        | levans@example.com               | 2025-02-02   |     165363 | Romantic Paris Getaway
 Dale Shaffer         | ychambers@example.net            | 2025-02-02   |     295621 | Romantic Paris Getaway
 David Taylor         | bobbypeterson@example.com        | 2025-02-02   |     269995 | Romantic Paris Getaway
 Jason Taylor         | carol07@example.org              | 2025-02-02   |     231234 | Romantic Paris Getaway
 Jean Price           | gonzalezmichael@example.org      | 2025-02-02   |     110036 | Romantic Paris Getaway
 Kristopher Fox       | reedkeith@example.net            | 2025-02-02   |     169981 | Romantic Paris Getaway
 Mark Olson           | rebeccadowns@example.org         | 2025-02-02   |     327495 | Romantic Paris Getaway
 Michael Moreno       | michael23@example.com            | 2025-02-02   |     151386 | Romantic Paris Getaway
 Michelle Anderson    | john18@example.org               | 2025-02-02   |     367135 | Romantic Paris Getaway
 Morgan Ingram        | robersontravis@example.com       | 2025-02-02   |     258363 | Romantic Paris Getaway
 Amanda Lane          | jennifer69@example.org           | 2025-02-01   |     348350 | Romantic Paris Getaway
 Caleb Davila         | hopkinstammy@example.net         | 2025-02-01   |     161368 | Romantic Paris Getaway
 Daniel Monroe        | stanley89@example.org            | 2025-02-01   |     174562 | Romantic Paris Getaway
 Julia Woods          | jennifer33@example.org           | 2025-02-01   |     359595 | Romantic Paris Getaway
 Margaret Johnson     | torresmackenzie@example.org      | 2025-02-01   |     324406 | Romantic Paris Getaway
 Michael Gordon       | pearsonchristina@example.com     | 2025-02-01   |     354867 | Romantic Paris Getaway
 Michael Reed         | alan20@example.org               | 2025-02-01   |     341493 | Romantic Paris Getaway
 Natasha Wallace      | cbenson@example.org              | 2025-02-01   |     287368 | Romantic Paris Getaway
 Tracy Huffman        | mckayjohn@example.net            | 2025-02-01   |      20111 | Romantic Paris Getaway
 Alexis Hopkins       | kara21@example.com               | 2025-01-31   |     346310 | Romantic Paris Getaway
 Brent Thomas         | cookejohn@example.net            | 2025-01-31   |     243882 | Romantic Paris Getaway
 Gregory Brown        | kreed@example.net                | 2025-01-31   |      91777 | Romantic Paris Getaway
 James Roberts        | ugriffin@example.org             | 2025-01-31   |      60083 | Romantic Paris Getaway
 Joseph Moran         | aguilarmarc@example.com          | 2025-01-31   |     268788 | Romantic Paris Getaway
 Lisa Kim             | cgonzales@example.net            | 2025-01-31   |      14212 | Romantic Paris Getaway
 Monica Stephens      | sarah72@example.net              | 2025-01-31   |     262838 | Romantic Paris Getaway
 Sara Williams        | yvalencia@example.com            | 2025-01-31   |     261502 | Romantic Paris Getaway
 Terry Warren         | nicholas47@example.org           | 2025-01-31   |      38572 | Romantic Paris Getaway
 Carmen Mitchell      | jjones@example.com               | 2025-01-30   |     297438 | Romantic Paris Getaway
 Cindy Taylor         | pdavis@example.org               | 2025-01-30   |     192712 | Romantic Paris Getaway
 Daniel Williams      | petersroger@example.org          | 2025-01-30   |     336442 | Romantic Paris Getaway
 Glen Dawson          | bryan08@example.org              | 2025-01-30   |     239949 | Romantic Paris Getaway
 Hannah Matthews      | johnpatterson@example.org        | 2025-01-30   |     233265 | Romantic Paris Getaway
 Jennifer Rowland     | david39@example.com              | 2025-01-30   |      14543 | Romantic Paris Getaway
 Jeremy Barber        | meltonjill@example.org           | 2025-01-30   |     278874 | Romantic Paris Getaway
 Katherine Moore      | brandiwilliams@example.net       | 2025-01-30   |     292471 | Romantic Paris Getaway
 Kevin Welch          | xthompson@example.org            | 2025-01-30   |     319169 | Romantic Paris Getaway
 Richard Hansen       | kristenbush@example.net          | 2025-01-30   |     203589 | Romantic Paris Getaway
 Toni Lutz            | james10@example.com              | 2025-01-30   |      15212 | Romantic Paris Getaway
 Allison Mason        | williamsscott@example.org        | 2025-01-29   |      73504 | Romantic Paris Getaway
 Andrew Flores        | suzannejackson@example.net       | 2025-01-29   |     127929 | Romantic Paris Getaway
 Cameron Townsend     | colepineda@example.org           | 2025-01-29   |      58876 | Romantic Paris Getaway
 Michele Thomas       | ronald33@example.com             | 2025-01-29   |     212048 | Romantic Paris Getaway
 Robert Gill          | ryanbond@example.net             | 2025-01-29   |      79864 | Romantic Paris Getaway
 Stephanie Hayes      | carlsonstacey@example.org        | 2025-01-29   |     216264 | Romantic Paris Getaway
 Stephen Vasquez      | meganwalsh@example.net           | 2025-01-29   |     165100 | Romantic Paris Getaway
 Brandon Powell       | mlogan@example.net               | 2025-01-28   |     140332 | Romantic Paris Getaway
 Cory Beltran         | hsanders@example.org             | 2025-01-28   |     247128 | Romantic Paris Getaway
 David White          | murrayrandall@example.com        | 2025-01-28   |     118430 | Romantic Paris Getaway
 David Wilkinson      | osharp@example.org               | 2025-01-28   |     124248 | Romantic Paris Getaway
 Dawn Steele          | johnchase@example.com            | 2025-01-28   |     374133 | Romantic Paris Getaway
 Emily Hodges         | pshaw@example.net                | 2025-01-28   |     368007 | Romantic Paris Getaway
 Jamie Campbell       | casemichelle@example.net         | 2025-01-28   |      15676 | Romantic Paris Getaway
 Jennifer Johnson     | potterdeborah@example.com        | 2025-01-28   |     188427 | Romantic Paris Getaway
 Laurie Newton        | kennethyork@example.com          | 2025-01-28   |     315344 | Romantic Paris Getaway
 Louis Sullivan       | copelandsamantha@example.org     | 2025-01-28   |     239072 | Romantic Paris Getaway
 Mark Fuller          | teaton@example.com               | 2025-01-28   |     396597 | Romantic Paris Getaway
 Melissa Munoz        | timothy50@example.net            | 2025-01-28   |     231786 | Romantic Paris Getaway
 Michael Meyer        | whitneyaustin@example.org        | 2025-01-28   |     168489 | Romantic Paris Getaway
 Nathaniel Adams      | uwilliams@example.net            | 2025-01-28   |     314911 | Romantic Paris Getaway
 Ronald Sanchez       | baileyandrew@example.net         | 2025-01-28   |     399046 | Romantic Paris Getaway
 Russell White        | jensenandrew@example.com         | 2025-01-28   |      45828 | Romantic Paris Getaway
 Sandra Davis         | murrayeric@example.com           | 2025-01-28   |     326584 | Romantic Paris Getaway
 Stephanie Smith      | joshuawilliams@example.net       | 2025-01-28   |     202637 | Romantic Paris Getaway
 Vanessa Chandler     | ubaker@example.net               | 2025-01-28   |     193816 | Romantic Paris Getaway
 Ashley Harmon        | nicole14@example.com             | 2025-01-27   |     372873 | Romantic Paris Getaway
 Daniel Li            | blackburnjessica@example.org     | 2025-01-27   |     395017 | Romantic Paris Getaway
 Dawn Webster         | kevin37@example.org              | 2025-01-27   |     311597 | Romantic Paris Getaway
 Eric Schaefer        | sullivantim@example.org          | 2025-01-27   |     244144 | Romantic Paris Getaway
 Gabrielle Harris     | ibennett@example.org             | 2025-01-27   |     384616 | Romantic Paris Getaway
 Glenda Miller        | walkerstephanie@example.org      | 2025-01-27   |     102315 | Romantic Paris Getaway
 John Kaufman         | duffyterri@example.org           | 2025-01-27   |     182253 | Romantic Paris Getaway
 Justin Lopez         | jeffrey70@example.net            | 2025-01-27   |     133268 | Romantic Paris Getaway
 Katelyn Tran         | moralesjesse@example.com         | 2025-01-27   |     255702 | Romantic Paris Getaway
 Linda Levine         | walshjenny@example.com           | 2025-01-27   |      94328 | Romantic Paris Getaway
 William Cooper       | tlynn@example.org                | 2025-01-27   |     362518 | Romantic Paris Getaway
 Caitlin Bennett      | johnholmes@example.net           | 2025-01-26   |     149809 | Romantic Paris Getaway
 Christopher Johnson  | gabrielcurtis@example.net        | 2025-01-26   |     193859 | Romantic Paris Getaway
 Christopher Rivera   | pricekaren@example.com           | 2025-01-26   |      61782 | Romantic Paris Getaway
 Dean Williams        | heather35@example.net            | 2025-01-26   |     171460 | Romantic Paris Getaway
 Keith Fernandez      | james56@example.net              | 2025-01-26   |     179340 | Romantic Paris Getaway
 Kevin Acevedo        | donaldshelton@example.net        | 2025-01-26   |      59046 | Romantic Paris Getaway
 Kimberly Hogan       | tsmith@example.com               | 2025-01-26   |     270902 | Romantic Paris Getaway
 Malik Long           | tommy95@example.org              | 2025-01-26   |     355941 | Romantic Paris Getaway
 Rhonda Logan         | marcus96@example.net             | 2025-01-26   |     198887 | Romantic Paris Getaway
 Richard Nelson       | qsmith@example.net               | 2025-01-26   |     270242 | Romantic Paris Getaway
 Richard Roberts      | sherricastillo@example.org       | 2025-01-26   |     343430 | Romantic Paris Getaway
 Sandra Raymond       | kaylawhite@example.net           | 2025-01-26   |     318771 | Romantic Paris Getaway
 Sarah Mitchell       | patrick74@example.net            | 2025-01-26   |     146965 | Romantic Paris Getaway
 Amy Johnson          | wtaylor@example.com              | 2025-01-25   |     299955 | Romantic Paris Getaway
 Angela Morrison      | gmcmillan@example.net            | 2025-01-25   |     354034 | Romantic Paris Getaway
 Chase Waters         | williamschristopher@example.com  | 2025-01-25   |     378379 | Romantic Paris Getaway
 Claudia Woods        | mary19@example.net               | 2025-01-25   |     383917 | Romantic Paris Getaway
 George Guerrero      | juliewood@example.net            | 2025-01-25   |      13492 | Romantic Paris Getaway
 Heidi Wells          | josephmendoza@example.net        | 2025-01-25   |     246565 | Romantic Paris Getaway
 James Galvan         | smithryan@example.net            | 2025-01-25   |     231627 | Romantic Paris Getaway
 Jeffrey Bond         | williamskayla@example.org        | 2025-01-25   |     350665 | Romantic Paris Getaway
 Julie Brooks         | ogardner@example.net             | 2025-01-25   |     249569 | Romantic Paris Getaway
 Martha Beck MD       | sheathomas@example.org           | 2025-01-25   |     357264 | Romantic Paris Getaway
 Michael Mason        | jonathan28@example.com           | 2025-01-25   |      66361 | Romantic Paris Getaway
 Mr. Blake Ibarra     | pamela01@example.org             | 2025-01-25   |     323728 | Romantic Paris Getaway
 Richard Bailey       | john70@example.net               | 2025-01-25   |      29343 | Romantic Paris Getaway
 Timothy George       | williamtaylor@example.net        | 2025-01-25   |     202753 | Romantic Paris Getaway
 Michael Dean         | raymichele@example.org           | 2025-01-24   |     380273 | Romantic Paris Getaway
 Robert Moore         | jsalazar@example.net             | 2025-01-24   |      91627 | Romantic Paris Getaway
 Scott Franklin       | qmoss@example.org                | 2025-01-24   |     211592 | Romantic Paris Getaway
 Sheila Nelson        | bradley81@example.org            | 2025-01-24   |      94045 | Romantic Paris Getaway
 Amanda Dawson        | sabrina22@example.org            | 2025-01-23   |      32724 | Romantic Paris Getaway
 Angelica Hardy       | kimberly15@example.com           | 2025-01-23   |     217526 | Romantic Paris Getaway
 Cynthia Wang         | oliviacross@example.org          | 2025-01-23   |     229655 | Romantic Paris Getaway
 Frank Davidson       | gwelch@example.org               | 2025-01-23   |     255295 | Romantic Paris Getaway
 Kelly Roberts        | jessicamcpherson@example.org     | 2025-01-23   |     197735 | Romantic Paris Getaway
 Kevin Baker          | rowewayne@example.org            | 2025-01-23   |     300934 | Romantic Paris Getaway
 Matthew Hayes        | parktravis@example.org           | 2025-01-23   |     267668 | Romantic Paris Getaway
 Mr. William Murray   | peterphillips@example.org        | 2025-01-23   |      99206 | Romantic Paris Getaway
 Terrance Frederick   | jeffrey97@example.org            | 2025-01-23   |      74328 | Romantic Paris Getaway
 Andrew Moody         | fernandezashley@example.net      | 2025-01-22   |      93947 | Romantic Paris Getaway
 Daniel Vance         | renee63@example.org              | 2025-01-22   |     248195 | Romantic Paris Getaway
 Derek Russell        | angela87@example.org             | 2025-01-22   |     118268 | Romantic Paris Getaway
 Erica Weber          | williamsdaniel@example.com       | 2025-01-22   |     194061 | Romantic Paris Getaway
 Jason Ortega         | wcastillo@example.com            | 2025-01-22   |     193036 | Romantic Paris Getaway
 Kenneth Phelps       | robertprice@example.net          | 2025-01-22   |      59453 | Romantic Paris Getaway
 Lisa Smith           | laurieward@example.com           | 2025-01-22   |      99667 | Romantic Paris Getaway
 Michael Cannon       | moorestephanie@example.org       | 2025-01-22   |     289212 | Romantic Paris Getaway
 Ryan Sanders         | donnahoward@example.net          | 2025-01-22   |     123809 | Romantic Paris Getaway
 Samantha Taylor      | margaretnewman@example.com       | 2025-01-22   |     322848 | Romantic Paris Getaway
 Sierra Reyes         | cjones@example.org               | 2025-01-22   |      69765 | Romantic Paris Getaway
 Travis Johnson       | lopezjerry@example.com           | 2025-01-22   |     320494 | Romantic Paris Getaway
 Wanda Smith          | jcherry@example.net              | 2025-01-22   |      93326 | Romantic Paris Getaway
 Becky Faulkner       | robinsontyler@example.com        | 2025-01-21   |     346715 | Romantic Paris Getaway
 Christopher Johnson  | lindsaysmith@example.org         | 2025-01-21   |     244881 | Romantic Paris Getaway
 Darryl Mercado       | timothyparker@example.org        | 2025-01-21   |     326919 | Romantic Paris Getaway
 Elaine Morales       | marshallchristopher@example.org  | 2025-01-21   |     108556 | Romantic Paris Getaway
 Kimberly Collins     | marcus78@example.net             | 2025-01-21   |     322533 | Romantic Paris Getaway
 Patrick Jones        | kkim@example.net                 | 2025-01-21   |     126525 | Romantic Paris Getaway
 Rachel Edwards       | rachel15@example.net             | 2025-01-21   |     345273 | Romantic Paris Getaway
 Curtis Winters       | jtaylor@example.net              | 2025-01-20   |     202726 | Romantic Paris Getaway
 Kyle Carroll         | halejohn@example.com             | 2025-01-20   |     361505 | Romantic Paris Getaway
 Matthew Cunningham   | johnsonbrittany@example.com      | 2025-01-20   |     383098 | Romantic Paris Getaway
 Michael Phillips     | donna93@example.com              | 2025-01-20   |     324249 | Romantic Paris Getaway
 Patricia Green       | wcooper@example.net              | 2025-01-20   |     300039 | Romantic Paris Getaway
 Richard Mccullough   | wardkathryn@example.org          | 2025-01-20   |     326763 | Romantic Paris Getaway
 Robert Hampton       | stephanieward@example.net        | 2025-01-20   |     208606 | Romantic Paris Getaway
 Vickie Conley        | evega@example.org                | 2025-01-20   |     188580 | Romantic Paris Getaway
 Ashley Lewis         | thomasgonzales@example.org       | 2025-01-19   |     173457 | Romantic Paris Getaway
 Barbara Adams        | tina02@example.com               | 2025-01-19   |     161067 | Romantic Paris Getaway
 Brandon King         | chelsea37@example.org            | 2025-01-19   |      20743 | Romantic Paris Getaway
 Breanna Pena         | chad63@example.net               | 2025-01-19   |      70081 | Romantic Paris Getaway
 Christopher Bryant   | brownalan@example.net            | 2025-01-19   |     356190 | Romantic Paris Getaway
 Christopher Pena     | alexandrabarnes@example.org      | 2025-01-19   |     204175 | Romantic Paris Getaway
 Christopher Watson   | sbrown@example.com               | 2025-01-19   |     214451 | Romantic Paris Getaway
 Crystal Davis        | sharon32@example.com             | 2025-01-19   |     166680 | Romantic Paris Getaway
 Mason Clayton        | xwalton@example.org              | 2025-01-19   |     219571 | Romantic Paris Getaway
 Rachel Alvarado      | ronald65@example.net             | 2025-01-19   |     161463 | Romantic Paris Getaway
 Suzanne Welch        | marcus66@example.org             | 2025-01-19   |     384442 | Romantic Paris Getaway
 April Gomez MD       | michelle56@example.com           | 2025-01-18   |     324471 | Romantic Paris Getaway
 Dale Tyler           | buchanancory@example.net         | 2025-01-18   |     157674 | Romantic Paris Getaway
 Danielle Waters      | wilcoxjennifer@example.com       | 2025-01-18   |     348465 | Romantic Paris Getaway
 Diana Shaffer        | ebell@example.org                | 2025-01-18   |     250047 | Romantic Paris Getaway
 Erika Lopez          | hicksdevin@example.net           | 2025-01-18   |     327629 | Romantic Paris Getaway
 Jacob Hayes          | inewman@example.org              | 2025-01-18   |     322782 | Romantic Paris Getaway
 Kathryn Trujillo     | kristen16@example.com            | 2025-01-18   |      17577 | Romantic Paris Getaway
 Maurice Hudson       | andreareed@example.net           | 2025-01-18   |     293337 | Romantic Paris Getaway
 Melissa Welch        | carmenmartinez@example.com       | 2025-01-18   |     330522 | Romantic Paris Getaway
 Ms. Christina Davis  | jasonnguyen@example.net          | 2025-01-18   |      40496 | Romantic Paris Getaway
 Peggy Evans          | herbert69@example.org            | 2025-01-18   |     275549 | Romantic Paris Getaway
 Rebekah Thompson     | briancarr@example.com            | 2025-01-18   |     396040 | Romantic Paris Getaway
 Renee Smith          | barnescaitlyn@example.net        | 2025-01-18   |      57355 | Romantic Paris Getaway
 Shane Stanley        | xgreen@example.net               | 2025-01-18   |     399699 | Romantic Paris Getaway
 Zachary Blair        | timothyjackson@example.org       | 2025-01-18   |      72101 | Romantic Paris Getaway
 Charles Saunders     | jnorris@example.net              | 2025-01-17   |     231372 | Romantic Paris Getaway
 Jeffrey Johnson      | ghenry@example.org               | 2025-01-17   |     188141 | Romantic Paris Getaway
 Justin Smith         | steve94@example.net              | 2025-01-17   |     262511 | Romantic Paris Getaway
 Karen Buchanan       | seanmercado@example.com          | 2025-01-17   |     303531 | Romantic Paris Getaway
 Kevin King           | fisherjohn@example.net           | 2025-01-17   |     151696 | Romantic Paris Getaway
 Rebecca Rocha        | blankenshipkristi@example.org    | 2025-01-17   |     208584 | Romantic Paris Getaway
 Sheila Dickson       | michaelturner@example.net        | 2025-01-17   |     397339 | Romantic Paris Getaway
 Victoria Thomas      | patrickelliott@example.org       | 2025-01-17   |     190061 | Romantic Paris Getaway
 Wanda Todd           | xhobbs@example.net               | 2025-01-17   |     335063 | Romantic Paris Getaway
 Andrew Phillips      | gary09@example.com               | 2025-01-16   |     376377 | Romantic Paris Getaway
 Heather Benson       | andrew43@example.net             | 2025-01-16   |     194722 | Romantic Paris Getaway
 Helen Bell           | cameron49@example.org            | 2025-01-16   |        378 | Romantic Paris Getaway
 Jacob Rodriguez      | jennifer76@example.org           | 2025-01-16   |      24837 | Romantic Paris Getaway
 Keith Elliott        | kari28@example.org               | 2025-01-16   |      49820 | Romantic Paris Getaway
 Keith Stephens       | abigailmcpherson@example.org     | 2025-01-16   |      39663 | Romantic Paris Getaway
 Lori Mitchell        | meyerbobby@example.com           | 2025-01-16   |     221761 | Romantic Paris Getaway
 Marie Franco         | fred71@example.net               | 2025-01-16   |     207093 | Romantic Paris Getaway
 Sarah Rodriguez DVM  | hortondouglas@example.net        | 2025-01-16   |     331201 | Romantic Paris Getaway
 Shane Reed           | matthewwilliams@example.org      | 2025-01-16   |      14657 | Romantic Paris Getaway
 Vickie Robertson     | middletonmark@example.com        | 2025-01-16   |     283196 | Romantic Paris Getaway
 Abigail Bridges      | ojohnson@example.com             | 2025-01-15   |     193766 | Romantic Paris Getaway
 Jamie Downs          | hgreen@example.org               | 2025-01-15   |      76242 | Romantic Paris Getaway
 Mackenzie Miller     | christina92@example.net          | 2025-01-15   |     313873 | Romantic Paris Getaway
 Michelle Alexander   | moorenicole@example.org          | 2025-01-15   |     180596 | Romantic Paris Getaway
 Robert Thomas        | watkinslori@example.net          | 2025-01-15   |     192799 | Romantic Paris Getaway
 Terry Clark          | angela72@example.net             | 2025-01-15   |     241206 | Romantic Paris Getaway
 Adam Cole            | ffox@example.net                 | 2025-01-14   |      11559 | Romantic Paris Getaway
 Amanda Andrews       | thomasveronica@example.org       | 2025-01-14   |     279983 | Romantic Paris Getaway
 Ashlee Sanders       | kristin93@example.org            | 2025-01-14   |     104861 | Romantic Paris Getaway
 Christine Holden     | paulthompson@example.com         | 2025-01-14   |     197499 | Romantic Paris Getaway
 Melissa Sanders      | sydney84@example.net             | 2025-01-14   |     246549 | Romantic Paris Getaway
 Sharon Fitzgerald    | rodriguezjames@example.net       | 2025-01-14   |     371887 | Romantic Paris Getaway
 Tammy Harris         | garrett22@example.net            | 2025-01-14   |     348741 | Romantic Paris Getaway
 Anna Ellison         | leemichaela@example.com          | 2025-01-13   |     282942 | Romantic Paris Getaway
 Ashley Massey        | brandon04@example.com            | 2025-01-13   |     114369 | Romantic Paris Getaway
 Brandon Vasquez      | william06@example.org            | 2025-01-13   |     369132 | Romantic Paris Getaway
 Charles Berry        | velasquezrobert@example.org      | 2025-01-13   |     332879 | Romantic Paris Getaway
 David Johnston       | richardhoward@example.org        | 2025-01-13   |      22123 | Romantic Paris Getaway
 Isaac Green          | richard79@example.org            | 2025-01-13   |     161569 | Romantic Paris Getaway
 Jacob Todd           | tylerjones@example.org           | 2025-01-13   |     399514 | Romantic Paris Getaway
 Jessica Prince       | jon46@example.net                | 2025-01-13   |     111616 | Romantic Paris Getaway
 Pamela Ortega        | bthomas@example.net              | 2025-01-13   |     319393 | Romantic Paris Getaway
 Scott Escobar        | robertsderrick@example.org       | 2025-01-13   |     371421 | Romantic Paris Getaway
 Sheri Thompson       | bwang@example.com                | 2025-01-13   |     344140 | Romantic Paris Getaway
 Sonya Huff           | cooperchristopher@example.org    | 2025-01-13   |     297869 | Romantic Paris Getaway
 Susan Taylor         | michaelmata@example.com          | 2025-01-13   |     238493 | Romantic Paris Getaway
 Tyler Huffman        | racheldixon@example.com          | 2025-01-13   |      19617 | Romantic Paris Getaway
 Brent Wallace        | brownchristine@example.net       | 2025-01-12   |     102394 | Romantic Paris Getaway
 Frank Shah           | alexandria81@example.org         | 2025-01-12   |     395435 | Romantic Paris Getaway
 Jessica Arias        | qdrake@example.net               | 2025-01-12   |     127572 | Romantic Paris Getaway
 Steven Jones         | adam32@example.com               | 2025-01-12   |      76398 | Romantic Paris Getaway
 Adam Fletcher        | heather16@example.com            | 2025-01-11   |      50969 | Romantic Paris Getaway
 Alyssa Wood          | gallegoseric@example.net         | 2025-01-11   |     268735 | Romantic Paris Getaway
 Christopher Clark    | patrickerickson@example.org      | 2025-01-11   |     357172 | Romantic Paris Getaway
 Cynthia Richard      | kelliyoung@example.net           | 2025-01-11   |     129766 | Romantic Paris Getaway
 Donna Moreno MD      | nicholascannon@example.net       | 2025-01-11   |     214411 | Romantic Paris Getaway
 Faith Mason          | crystalklein@example.org         | 2025-01-11   |     182100 | Romantic Paris Getaway
 Jennifer Saunders    | umorales@example.org             | 2025-01-11   |     173685 | Romantic Paris Getaway
 Megan Greene         | kharrell@example.net             | 2025-01-11   |      16555 | Romantic Paris Getaway
 Michael Potter       | meredithjones@example.net        | 2025-01-11   |      48027 | Romantic Paris Getaway
 Charles Foley        | gwerner@example.com              | 2025-01-10   |     144919 | Romantic Paris Getaway
 Elizabeth Silva      | fmoore@example.com               | 2025-01-10   |      75536 | Romantic Paris Getaway
 Jesse Graham         | brianjackson@example.net         | 2025-01-10   |     368344 | Romantic Paris Getaway
 Larry Olson          | alexander29@example.org          | 2025-01-10   |     344618 | Romantic Paris Getaway
 Luis Williams        | chavezkatie@example.net          | 2025-01-10   |     182298 | Romantic Paris Getaway
 Melissa Moore        | ghernandez@example.net           | 2025-01-10   |      12588 | Romantic Paris Getaway
 Michael Anderson     | moradamon@example.org            | 2025-01-10   |     332708 | Romantic Paris Getaway
 Renee Valenzuela     | mary78@example.org               | 2025-01-10   |      92835 | Romantic Paris Getaway
 Shannon Bradley      | jeffrey72@example.net            | 2025-01-10   |     146467 | Romantic Paris Getaway
 Stephen Parker       | fnewman@example.net              | 2025-01-10   |     274769 | Romantic Paris Getaway
 Taylor Wilson        | scochran@example.org             | 2025-01-10   |     325275 | Romantic Paris Getaway
 Todd Lopez           | kenneth98@example.net            | 2025-01-10   |     150359 | Romantic Paris Getaway
 Alicia Stevens       | lopezcurtis@example.com          | 2025-01-09   |     355536 | Romantic Paris Getaway
 Amanda Morris        | anthonyortiz@example.net         | 2025-01-09   |     293109 | Romantic Paris Getaway
 Andrew Wagner        | aperkins@example.net             | 2025-01-09   |     253206 | Romantic Paris Getaway
 Angela Nielsen       | sanderskristine@example.org      | 2025-01-09   |     165493 | Romantic Paris Getaway
 Christine Humphrey   | ysalinas@example.org             | 2025-01-09   |      95469 | Romantic Paris Getaway
 Duane Bright         | nray@example.org                 | 2025-01-09   |     298357 | Romantic Paris Getaway
 Larry Ramirez        | clinechristopher@example.com     | 2025-01-09   |      21512 | Romantic Paris Getaway
 Michael Neal         | mbutler@example.net              | 2025-01-09   |     100685 | Romantic Paris Getaway
 Mr. William Price    | anthonyerickson@example.org      | 2025-01-09   |     366803 | Romantic Paris Getaway
 Alicia Smith         | collinsmatthew@example.net       | 2025-01-08   |     344496 | Romantic Paris Getaway
 Ashley Flores        | hallmargaret@example.net         | 2025-01-08   |     287924 | Romantic Paris Getaway
 Ashley Smith         | ericfowler@example.org           | 2025-01-08   |     113803 | Romantic Paris Getaway
 Christopher Gardner  | pricejudith@example.com          | 2025-01-08   |     178386 | Romantic Paris Getaway
 Donald Rodriguez     | nataliesteele@example.org        | 2025-01-08   |     275151 | Romantic Paris Getaway
 Jane Peterson        | brownjacob@example.com           | 2025-01-08   |     224050 | Romantic Paris Getaway
 Jasmine Davis        | valenciadarius@example.com       | 2025-01-08   |     198295 | Romantic Paris Getaway
 Kevin Perez          | fstone@example.com               | 2025-01-08   |     198208 | Romantic Paris Getaway
 Kimberly Frost       | heathergarcia@example.com        | 2025-01-08   |     357983 | Romantic Paris Getaway
 Kristin Donaldson    | bonniehammond@example.com        | 2025-01-08   |     125889 | Romantic Paris Getaway
 Kyle Smith           | knightjason@example.org          | 2025-01-08   |     332332 | Romantic Paris Getaway
 Michael Lopez        | stewartdaniel@example.org        | 2025-01-08   |     273278 | Romantic Paris Getaway
 Mr. Kenneth Sandoval | steven15@example.com             | 2025-01-08   |      79191 | Romantic Paris Getaway
 Paul Williams        | michael56@example.org            | 2025-01-08   |     183928 | Romantic Paris Getaway
 Sergio Guerra        | rachel98@example.com             | 2025-01-08   |       2175 | Romantic Paris Getaway
 Victoria King        | shaunpeters@example.com          | 2025-01-08   |     142993 | Romantic Paris Getaway
 Alexis Humphrey      | nnelson@example.com              | 2025-01-07   |     265048 | Romantic Paris Getaway
 Alice Williams       | lhernandez@example.com           | 2025-01-07   |     123316 | Romantic Paris Getaway
 Laura Wheeler        | jjones@example.org               | 2025-01-07   |      66165 | Romantic Paris Getaway
 Leslie Turner        | qwilliams@example.com            | 2025-01-07   |      11337 | Romantic Paris Getaway
 Melissa Cook         | brandon62@example.com            | 2025-01-07   |     332034 | Romantic Paris Getaway
 Michael Hood         | larsensarah@example.com          | 2025-01-07   |     289698 | Romantic Paris Getaway
 Rebecca Young        | jacksonryan@example.com          | 2025-01-07   |     338733 | Romantic Paris Getaway
 Steven Garcia        | kgreen@example.com               | 2025-01-07   |      44415 | Romantic Paris Getaway
 Tonya Callahan       | barnesdonna@example.com          | 2025-01-07   |     240861 | Romantic Paris Getaway
 David Martinez       | tsanders@example.org             | 2025-01-06   |     255647 | Romantic Paris Getaway
 Jessica Snyder       | georgeboyle@example.org          | 2025-01-06   |     269659 | Romantic Paris Getaway
 Lauren Adams         | meganmunoz@example.com           | 2025-01-06   |      88854 | Romantic Paris Getaway
 Mary Petty           | amber88@example.net              | 2025-01-06   |     153036 | Romantic Paris Getaway
 Matthew Hayes        | brian60@example.com              | 2025-01-06   |     120420 | Romantic Paris Getaway
 Melinda Andersen     | timothy25@example.net            | 2025-01-06   |     381535 | Romantic Paris Getaway
 Amy Hernandez        | amy67@example.com                | 2025-01-05   |      23687 | Romantic Paris Getaway
 Erica Smith          | hhudson@example.net              | 2025-01-05   |     304860 | Romantic Paris Getaway
 Jacqueline Anderson  | grobertson@example.org           | 2025-01-05   |     280559 | Romantic Paris Getaway
 Melissa Banks        | gonzalezpaul@example.com         | 2025-01-05   |      36734 | Romantic Paris Getaway
 Michael Tyler        | xarnold@example.org              | 2025-01-05   |     217403 | Romantic Paris Getaway
 Patrick Shaw         | rdickerson@example.net           | 2025-01-05   |     249175 | Romantic Paris Getaway
 Robert Garcia        | fischerjoann@example.com         | 2025-01-05   |     120781 | Romantic Paris Getaway
 Tiffany Lynn         | tina16@example.org               | 2025-01-05   |     249070 | Romantic Paris Getaway
 Timothy Calhoun      | kurtjohnston@example.net         | 2025-01-05   |     311806 | Romantic Paris Getaway
 Adam Rivera          | susan10@example.net              | 2025-01-04   |     352071 | Romantic Paris Getaway
 Alexander Parker     | carolynmoody@example.com         | 2025-01-04   |     212854 | Romantic Paris Getaway
 Amy Davis            | lstanton@example.org             | 2025-01-04   |      62225 | Romantic Paris Getaway
 Charlene Jarvis      | karacarter@example.net           | 2025-01-04   |      17391 | Romantic Paris Getaway
 Elizabeth Crosby MD  | canderson@example.net            | 2025-01-04   |      64382 | Romantic Paris Getaway
 Frederick Anderson   | paul46@example.net               | 2025-01-04   |     113085 | Romantic Paris Getaway
 Henry Morgan         | william72@example.com            | 2025-01-04   |      80317 | Romantic Paris Getaway
 Jennifer Hill        | edwardseric@example.net          | 2025-01-04   |     232731 | Romantic Paris Getaway
 John Smith           | stephaniepeck@example.net        | 2025-01-04   |      80321 | Romantic Paris Getaway
 Kimberly Wagner      | wrobinson@example.org            | 2025-01-04   |     101253 | Romantic Paris Getaway
 Lynn Cruz            | teresapruitt@example.net         | 2025-01-04   |      21193 | Romantic Paris Getaway
 Melissa Hernandez    | rhonda59@example.net             | 2025-01-04   |     128271 | Romantic Paris Getaway
 Peter Green          | shelly28@example.com             | 2025-01-04   |     301779 | Romantic Paris Getaway
 Robert Haney         | hermanmatthew@example.org        | 2025-01-04   |     351626 | Romantic Paris Getaway
 Alexander Williams   | andreanorris@example.net         | 2025-01-03   |     340010 | Romantic Paris Getaway
 Benjamin Myers       | xmoreno@example.com              | 2025-01-03   |     246265 | Romantic Paris Getaway
 Caitlin Walsh        | paullogan@example.com            | 2025-01-03   |     165702 | Romantic Paris Getaway
 Caroline Pearson     | cherylalvarez@example.net        | 2025-01-03   |     117456 | Romantic Paris Getaway
 Crystal Dyer         | paul65@example.net               | 2025-01-03   |     268978 | Romantic Paris Getaway
 Erin Johnson         | qwilliams@example.com            | 2025-01-03   |      93783 | Romantic Paris Getaway
 Jennifer Davis       | morrisdavid@example.net          | 2025-01-03   |     143511 | Romantic Paris Getaway
 Jill Lynch           | davisdylan@example.com           | 2025-01-03   |     184451 | Romantic Paris Getaway
 Kayla Lee            | mathew93@example.net             | 2025-01-03   |     215919 | Romantic Paris Getaway
 Tammy Cowan          | steven95@example.net             | 2025-01-03   |     384700 | Romantic Paris Getaway
 Brandon Cross        | loricardenas@example.org         | 2025-01-02   |     186047 | Romantic Paris Getaway
 Diana Thornton       | stonejeffery@example.org         | 2025-01-02   |     289308 | Romantic Paris Getaway
 Eric Thomas          | dpace@example.com                | 2025-01-02   |     209481 | Romantic Paris Getaway
 Jesus Morris         | kerryspencer@example.net         | 2025-01-02   |     248291 | Romantic Paris Getaway
 Joseph Collins       | obaker@example.net               | 2025-01-02   |     279426 | Romantic Paris Getaway
 Kenneth Daniels      | mpacheco@example.com             | 2025-01-02   |     241267 | Romantic Paris Getaway
 Lauren Smith         | avilamary@example.net            | 2025-01-02   |     141148 | Romantic Paris Getaway
 Mary Acosta          | kendraleblanc@example.com        | 2025-01-02   |     229050 | Romantic Paris Getaway
 Tara Austin          | lbridges@example.com             | 2025-01-02   |     217677 | Romantic Paris Getaway
 Adam Smith           | sarafernandez@example.net        | 2025-01-01   |     258304 | Romantic Paris Getaway
 Barbara Lynch        | amandamonroe@example.net         | 2025-01-01   |       3370 | Romantic Paris Getaway
 Benjamin Gonzalez    | greenanna@example.net            | 2025-01-01   |     283242 | Romantic Paris Getaway
 Bradley Dodson       | hollyblake@example.org           | 2025-01-01   |     253054 | Romantic Paris Getaway
 Dr. Lorraine Bennett | jamesstokes@example.org          | 2025-01-01   |     358366 | Romantic Paris Getaway
 Dustin Woodard       | jacksonmaria@example.org         | 2025-01-01   |     130136 | Romantic Paris Getaway
 Gerald Snyder        | deckermaria@example.org          | 2025-01-01   |     304490 | Romantic Paris Getaway
 Jason Pham           | nicole37@example.com             | 2025-01-01   |     336737 | Romantic Paris Getaway
 Jennifer Garcia      | smithdaniel@example.net          | 2025-01-01   |     215806 | Romantic Paris Getaway
 Jessica Sharp        | whitejerry@example.com           | 2025-01-01   |     368175 | Romantic Paris Getaway
 Jill Davis           | james04@example.net              | 2025-01-01   |     292094 | Romantic Paris Getaway
 John Nguyen          | khanjonathan@example.com         | 2025-01-01   |     303090 | Romantic Paris Getaway
 Mark Stewart         | zjohnson@example.org             | 2025-01-01   |     192091 | Romantic Paris Getaway
 Nicholas Spencer     | melvin07@example.net             | 2025-01-01   |     381028 | Romantic Paris Getaway
 Sheri Stone          | tobrien@example.net              | 2025-01-01   |     165722 | Romantic Paris Getaway
 Suzanne Romero       | garciamaria@example.com          | 2025-01-01   |      75821 | Romantic Paris Getaway
 Timothy Bartlett     | edward46@example.com             | 2025-01-01   |     317472 | Romantic Paris Getaway
(2674 rows)

Time: 761.903 ms
=== V1-Q2 (SELECT): Channels driving bookings this quarter ===
 channel_name  | subtype  | bookings_this_quarter 
---------------+----------+-----------------------
 Email         |          |                  5461
 Website       |          |                  5259
 YouTube       | Pre-Roll |                   647
 Radio         |          |                   574
 TikTok        | Shorts   |                   552
 Newspaper     |          |                   523
 Instagram     | Reels    |                   219
 Instagram     | Stories  |                   212
 Google Search |          |                   210
(9 rows)

Time: 181.162 ms
=== V2-Q3 (SELECT): Channel usage by age band (18–24, 25–34, 35–44) ===
 age_band | channel_name  | subtype  | customers_in_band 
----------+---------------+----------+-------------------
 18–24    |               |          |             18241
 18–24    | Email         |          |              1704
 18–24    | Website       |          |              1684
 18–24    | YouTube       | Pre-Roll |               206
 18–24    | TikTok        | Shorts   |               196
 18–24    | Radio         |          |               173
 18–24    | Newspaper     |          |               163
 18–24    | Instagram     | Stories  |                82
 18–24    | Instagram     | Reels    |                81
 18–24    | Google Search |          |                61
 25–34    |               |          |             26488
 25–34    | Email         |          |              2498
 25–34    | Website       |          |              2379
 25–34    | YouTube       | Pre-Roll |               315
 25–34    | Newspaper     |          |               271
 25–34    | TikTok        | Shorts   |               257
 25–34    | Radio         |          |               256
 25–34    | Instagram     | Reels    |               113
 25–34    | Instagram     | Stories  |               100
 25–34    | Google Search |          |                94
 35–44    |               |          |             26587
 35–44    | Email         |          |              2468
 35–44    | Website       |          |              2444
 35–44    | YouTube       | Pre-Roll |               300
 35–44    | TikTok        | Shorts   |               270
 35–44    | Radio         |          |               251
 35–44    | Newspaper     |          |               246
 35–44    | Instagram     | Reels    |               117
 35–44    | Instagram     | Stories  |                97
 35–44    | Google Search |          |                91
 45+      |               |          |            121551
 45+      | Website       |          |             11245
 45+      | Email         |          |             11213
 45+      | YouTube       | Pre-Roll |              1378
 45+      | TikTok        | Shorts   |              1258
 45+      | Newspaper     |          |              1227
 45+      | Radio         |          |              1166
 45+      | Instagram     | Reels    |               478
 45+      | Instagram     | Stories  |               446
 45+      | Google Search |          |               442
(40 rows)

Time: 632.484 ms
=== V2-Q4: customers who engaged in both instagram and newspaper ===
 customer_id |   customer_name    
-------------+--------------------
       10010 | Jose Wheeler
       13515 | Bill Maldonado
       36263 | Omar Martinez
       50938 | William Salazar
       53568 | Michael Romero
       68551 | John Rosales
       79365 | Patricia Stewart
       86669 | Karen Smith
       92682 | Larry Banks
      101738 | Gabriel Jackson
      112103 | Thomas Edwards
      120542 | Kevin Reynolds
      130286 | Daniel Gray
      136373 | Carolyn Lawson
      137422 | Franklin Lewis
      190846 | Amber Lyons
      197913 | Dawn Hughes
      199064 | Ethan Thompson Jr.
(18 rows)

Time: 19.178 ms
Timing is off.
